circuit_structure_hash,target_name,delta_native_2q_count,delta_native_2q_depth
22212664afc1417240d2159e660dfd5bef69af78a6080db0f12d8faa91232b09,synthetic_irregular_8q_favorable,24.0,22.0
3d69e26737c19bf3e2d6b9dda6f38e4ad0254fb23cf7fb6c99dd7280a09a7e63,synthetic_grid_8q_transpiler,26.0,34.0
3d69e26737c19bf3e2d6b9dda6f38e4ad0254fb23cf7fb6c99dd7280a09a7e63,synthetic_heavy_hex_like_8q_transpiler,26.0,34.0
3d69e26737c19bf3e2d6b9dda6f38e4ad0254fb23cf7fb6c99dd7280a09a7e63,synthetic_irregular_8q_favorable,26.0,34.0
3d69e26737c19bf3e2d6b9dda6f38e4ad0254fb23cf7fb6c99dd7280a09a7e63,synthetic_irregular_8q_spread,26.0,31.0
3d69e26737c19bf3e2d6b9dda6f38e4ad0254fb23cf7fb6c99dd7280a09a7e63,synthetic_line_8q_favorable,26.0,34.0
3d69e26737c19bf3e2d6b9dda6f38e4ad0254fb23cf7fb6c99dd7280a09a7e63,synthetic_line_8q_spread,26.0,32.0
3d69e26737c19bf3e2d6b9dda6f38e4ad0254fb23cf7fb6c99dd7280a09a7e63,synthetic_ring_8q_transpiler,26.0,34.0
4c02070fde736bde53d19c2818950c4ccec18611744acc48bced18e5d2043a97,synthetic_ring_6q_transpiler,-4.0,-4.0
53c4f0677915c62f9f4a3a2141402bf5759264456ba570678b9a3dd1792b6691,synthetic_heavy_hex_like_7q_transpiler,-16.0,-16.0
5d660df1811b06d2a855b494e5485abcab84c6d43e60a7ab268ab6b05a0fe264,synthetic_grid_6q_transpiler,17.0,16.0
5d660df1811b06d2a855b494e5485abcab84c6d43e60a7ab268ab6b05a0fe264,synthetic_heavy_hex_like_7q_transpiler,17.0,16.0
5d660df1811b06d2a855b494e5485abcab84c6d43e60a7ab268ab6b05a0fe264,synthetic_irregular_7q_favorable,17.0,16.0
5d660df1811b06d2a855b494e5485abcab84c6d43e60a7ab268ab6b05a0fe264,synthetic_irregular_7q_spread,17.0,16.0
5d660df1811b06d2a855b494e5485abcab84c6d43e60a7ab268ab6b05a0fe264,synthetic_line_6q_favorable,17.0,16.0
5d660df1811b06d2a855b494e5485abcab84c6d43e60a7ab268ab6b05a0fe264,synthetic_line_6q_spread,17.0,16.0
5d660df1811b06d2a855b494e5485abcab84c6d43e60a7ab268ab6b05a0fe264,synthetic_ring_6q_transpiler,17.0,16.0
63750b2d38357d5cd9f9fb922cc3dfb8e294b61159a2362da953e87c8d5996e0,synthetic_grid_6q_transpiler,-4.0,-4.0
63750b2d38357d5cd9f9fb922cc3dfb8e294b61159a2362da953e87c8d5996e0,synthetic_heavy_hex_like_7q_transpiler,-4.0,-4.0
63750b2d38357d5cd9f9fb922cc3dfb8e294b61159a2362da953e87c8d5996e0,synthetic_irregular_7q_favorable,-4.0,-4.0
63750b2d38357d5cd9f9fb922cc3dfb8e294b61159a2362da953e87c8d5996e0,synthetic_irregular_7q_spread,-4.0,-5.0
63750b2d38357d5cd9f9fb922cc3dfb8e294b61159a2362da953e87c8d5996e0,synthetic_line_6q_favorable,-4.0,-4.0
63750b2d38357d5cd9f9fb922cc3dfb8e294b61159a2362da953e87c8d5996e0,synthetic_line_6q_spread,-4.0,-5.0
63750b2d38357d5cd9f9fb922cc3dfb8e294b61159a2362da953e87c8d5996e0,synthetic_ring_6q_transpiler,-4.0,-4.0
6c1d27e17ed1cf182fc54db750bd1543268c42d972721db2752c586c79302655,synthetic_grid_6q_transpiler,-68.0,-68.0
7053dcfa4d49723c39c3271f3f1855d8cc4ee612ed86840eb385db0a6e2af18b,synthetic_grid_6q_transpiler,-2.0,-2.0
7053dcfa4d49723c39c3271f3f1855d8cc4ee612ed86840eb385db0a6e2af18b,synthetic_heavy_hex_like_7q_transpiler,-2.0,-2.0
7053dcfa4d49723c39c3271f3f1855d8cc4ee612ed86840eb385db0a6e2af18b,synthetic_irregular_7q_favorable,-2.0,-2.0
7053dcfa4d49723c39c3271f3f1855d8cc4ee612ed86840eb385db0a6e2af18b,synthetic_irregular_7q_spread,-2.0,-2.0
7053dcfa4d49723c39c3271f3f1855d8cc4ee612ed86840eb385db0a6e2af18b,synthetic_line_6q_favorable,-2.0,-2.0
7053dcfa4d49723c39c3271f3f1855d8cc4ee612ed86840eb385db0a6e2af18b,synthetic_line_6q_spread,-2.0,-2.0
7053dcfa4d49723c39c3271f3f1855d8cc4ee612ed86840eb385db0a6e2af18b,synthetic_ring_6q_transpiler,-2.0,-2.0
765e8cc2c75724fb242ba5e1c778dfd8856fe1c57f25e657cf6892bd9d945ec5,synthetic_line_6q_favorable,-4.0,-4.0
7982982987e59a949c739e2bae48e48a06af33b8104d2d18d107b51b6d37128a,synthetic_grid_6q_transpiler,-12.0,-12.0
840108f27be7018d9523cce50ed0465580fc76086dc4d719c7931a97dc6b3878,synthetic_irregular_7q_favorable,11.0,10.0
895718eee45a850d435c8240f7a9ee014cfb599978558936fe2e71db8b8c0270,synthetic_irregular_7q_spread,-12.0,-12.0
895718eee45a850d435c8240f7a9ee014cfb599978558936fe2e71db8b8c0270,synthetic_line_6q_spread,-12.0,-12.0
a30a7e40cfad5385e27071eb6d6b962f4f2302f27e94404d5f75b0ca0d8b87f9,synthetic_grid_8q_transpiler,36.0,34.0
a30a7e40cfad5385e27071eb6d6b962f4f2302f27e94404d5f75b0ca0d8b87f9,synthetic_heavy_hex_like_8q_transpiler,36.0,34.0
a30a7e40cfad5385e27071eb6d6b962f4f2302f27e94404d5f75b0ca0d8b87f9,synthetic_irregular_8q_favorable,36.0,34.0
a30a7e40cfad5385e27071eb6d6b962f4f2302f27e94404d5f75b0ca0d8b87f9,synthetic_irregular_8q_spread,36.0,31.0
a30a7e40cfad5385e27071eb6d6b962f4f2302f27e94404d5f75b0ca0d8b87f9,synthetic_line_8q_favorable,36.0,34.0
a30a7e40cfad5385e27071eb6d6b962f4f2302f27e94404d5f75b0ca0d8b87f9,synthetic_line_8q_spread,36.0,31.0
a30a7e40cfad5385e27071eb6d6b962f4f2302f27e94404d5f75b0ca0d8b87f9,synthetic_ring_8q_transpiler,36.0,34.0
a8c77d0b2cdabef3b9ba279df496609f76a174ba9474507d77488b124b9a2527,synthetic_ring_6q_transpiler,-36.0,-36.0
ac9e11c5e0ad6cf029dbb306c1c1878bd17bda5d9f0f07da06929dd1ce826be0,synthetic_grid_6q_transpiler,-6.0,-6.0
ac9e11c5e0ad6cf029dbb306c1c1878bd17bda5d9f0f07da06929dd1ce826be0,synthetic_heavy_hex_like_7q_transpiler,-6.0,-6.0
ac9e11c5e0ad6cf029dbb306c1c1878bd17bda5d9f0f07da06929dd1ce826be0,synthetic_irregular_7q_favorable,-6.0,-6.0
ac9e11c5e0ad6cf029dbb306c1c1878bd17bda5d9f0f07da06929dd1ce826be0,synthetic_irregular_7q_spread,-6.0,-7.0
ac9e11c5e0ad6cf029dbb306c1c1878bd17bda5d9f0f07da06929dd1ce826be0,synthetic_line_6q_favorable,-6.0,-6.0
ac9e11c5e0ad6cf029dbb306c1c1878bd17bda5d9f0f07da06929dd1ce826be0,synthetic_line_6q_spread,-6.0,-7.0
ac9e11c5e0ad6cf029dbb306c1c1878bd17bda5d9f0f07da06929dd1ce826be0,synthetic_ring_6q_transpiler,-6.0,-6.0
b900105fd332fb167e8c3241bb160ee549828e89691222f9cd8180d5e3225235,synthetic_grid_8q_transpiler,10.0,22.0
b900105fd332fb167e8c3241bb160ee549828e89691222f9cd8180d5e3225235,synthetic_heavy_hex_like_8q_transpiler,10.0,22.0
b900105fd332fb167e8c3241bb160ee549828e89691222f9cd8180d5e3225235,synthetic_irregular_8q_favorable,10.0,22.0
b900105fd332fb167e8c3241bb160ee549828e89691222f9cd8180d5e3225235,synthetic_irregular_8q_spread,10.0,19.0
b900105fd332fb167e8c3241bb160ee549828e89691222f9cd8180d5e3225235,synthetic_line_8q_favorable,10.0,22.0
b900105fd332fb167e8c3241bb160ee549828e89691222f9cd8180d5e3225235,synthetic_line_8q_spread,10.0,19.0
b900105fd332fb167e8c3241bb160ee549828e89691222f9cd8180d5e3225235,synthetic_ring_8q_transpiler,10.0,22.0
c2142e093ccb99940251960feda0c8e111c5304b305b2585b4176727240e142e,synthetic_irregular_7q_favorable,16.0,12.0
d8ad6f6fe282c266eae1c592f37c36ce9e15259a5ce547902e0ff453e1d3a1ca,synthetic_grid_8q_transpiler,32.0,44.0
deaf935266467950cd58176b219aee007813075ec88ef210e712ade79ff62e2a,synthetic_grid_8q_transpiler,54.0,81.0
