num_plaquettes,x,time,repetitions,term_ordering,circuit_hash,circuit_structure_hash,source_gate_count,source_depth,source_1q_count,source_2q_count,pauli_term_count,mean_pauli_weight,interaction_edge_count,interaction_mean_degree,interaction_max_degree,interaction_range,initial_ones,tvd,energy_drift,mirror_asymmetry,exact_mirror_asymmetry,survival_error,survival,local_occupation_error,occupations,electric_energy,magnetic_energy,total_energy,norm_error
2,1.0,0.16,1,current,9c19a3f8c1d192e6cbbc77d20afc675c17fd8cf4611175ec96a4f6f460f60b55,894804464cc738d6e7e478cfa47e0b9effab233e51c17cf8dbdb61db842c3ff9,44,39,32,12,7,1.4285714285714286,1,1.0,1,1,"[0, 1]",0.0004410608386799285,0.004287429805702736,0.0004549170090971666,0.0,0.00037111977654713524,0.9503526799818404,0.0004410608386812287,"[0.9736929487361417, 0.9741478657452388]",4.417993423471381,0.08629400633432152,4.504287429805703,2.220446049250313e-15
2,1.0,0.16,1,reversed,81e6cf63b0842706c7c31d30eaa727f743219c4ed8d6e429fc681ccf209290a8,4b937358cf51dd72ab6ef1cf03574c93629f747d8a43453c578693e6f6be3532,44,39,32,12,7,1.4285714285714286,1,1.0,1,1,"[0, 1]",0.0004109934617193417,0.0019116070494611392,0.00045041925469313515,0.0,0.00026127998992775403,0.9509850797483153,0.0004109934617180233,"[0.9745450030365409, 0.9740945837818478]",4.419441140832693,0.07864725211784568,4.498088392950539,2.55351295663786e-15
2,1.0,0.16,1,symmetry,47ad34607ac45f8c39ba0afcdd8b52daf2566831effa4120c6b31cd212080578,b48c21928119bbd4f72bf48bf5ab54a1cc99cc6267ea9c29761b132d6658811b,44,33,32,12,7,1.4285714285714286,1,1.0,1,1,"[0, 1]",0.0013038441938995299,0.002317459634023855,0.0,0.0,0.0013038441938981737,0.9520276439522857,0.0007131636017286835,"[0.9748471731765516, 0.9748471731765516]",4.421041573130879,0.08127588650314398,4.502317459634024,2.6645352591003757e-15
2,1.0,0.16,2,current,5dc5d0a04c5d855d47ce552f8b36b601355ee77632e2cde5514f52dad283edb3,7d6a447595a0f6b2aafaec6f5aa41d618241003592a29a32a13065e0c7c1e23f,86,77,62,24,7,1.4285714285714286,1,1.0,1,1,"[0, 1]",0.00011049846740162792,0.0010388862459072001,0.00011271434513793199,0.0,9.480794407201731e-05,0.9506289918143155,0.00011049846740407432,"[0.9740235111074188, 0.9741362254525567]",4.418535721958453,0.0825031642874545,4.501038886245907,4.773959005888173e-15
2,1.0,0.16,2,reversed,8b85ffe1a0f7d6841e919354ef44cc72867d784203b022c4ab53fd08b29f76eb,3de89492e898eacec2047f5fc749b7d7658bafb018cf242ef9a847279c725f70,86,77,62,24,7,1.4285714285714286,1,1.0,1,1,"[0, 1]",0.00010460058651071374,0.00045021900657804537,0.00011242059510574443,0.0,6.884004604812421e-05,0.9507926398044356,0.00010460058650851867,"[0.9742386101613314, 0.9741261895662257]",4.418905439476017,0.08064434151740532,4.499549780993422,4.218847493575595e-15
2,1.0,0.16,2,symmetry,92d3b1ba253a8becdfc43aa41ebd44e821ba66c4d5285cb0276c2c25cb52d89a,56e7292f6db503f544efeba920214982b99f198a08bd3f43b9c9a332bd9a602f,86,65,62,24,7,1.4285714285714286,1,1.0,1,1,"[0, 1]",0.00033974334943691776,0.0006244953243061957,0.0,0.0,0.0003397433494344293,0.9510635431078219,0.0001881392022100581,"[0.9743221487770329, 0.9743221487770329]",4.419337578000466,0.08128691732383975,4.500624495324306,4.6629367034256575e-15
2,1.0,0.16,4,current,5c352a8c8c94b42866d9974560cab93feb1fc0e6b9176e91eda33dbd2c2a5c95,99b78b31fbf12c0eebcc22099ea8f1f1b05d0d10d32c8f2d0f3ec608f463c749,170,153,122,48,7,1.4285714285714286,1,1.0,1,1,"[0, 1]",2.76351890647552e-05,0.00025768294680439396,2.811390732759822e-05,0.0,2.381702327491908e-05,0.9506999827351126,2.7635189069119548e-05,"[0.9741063743857538, 0.9741344882930814]",4.418672613933837,0.0815850690129673,4.500257682946804,8.548717289613705e-15
2,1.0,0.16,4,reversed,62adafd997a3d91a61c269c13f9900ddb2fd60e53210c256ffbbe4b8678a09b6,1914894b4679f760a7e720516809fc900c8f6b9e8d941d999b48779f4c5edb7f,170,153,122,48,7,1.4285714285714286,1,1.0,1,1,"[0, 1]",2.626190144174251e-05,0.00011089662440166848,2.8095362567759352e-05,0.0,1.742424884842997e-05,0.9507412240072359,2.6261901436841484e-05,"[0.9741602714762597, 0.974132176113692]",4.418765506759001,0.08112359661659696,4.499889103375598,9.769962616701378e-15
2,1.0,0.16,4,symmetry,97c150973ae1e6941ca256ae6d23b040224065fd6904b4125b3dfde756af99ea,604a91e235d8649bd875a0571466a23e2369539a3063eba46a2dd3aee389a8e7,170,129,122,48,7,1.4285714285714286,1,1.0,1,1,"[0, 1]",8.57829318389276e-05,0.00015893529670663042,0.0,0.0,8.578293183436614e-05,0.9508095826902219,4.764046849259351e-05,"[0.9741816500433155, 0.9741816500433155]",4.418875526224559,0.08128340907214739,4.500158935296707,9.2148511043888e-15
2,1.0,0.16,8,current,908aed2f8e88d646c78c3d1e61a0465203ccf1268c72d890cd4f8a54d968e1b9,90aafcebf377694fbbc921b4a3cc3d5e1e9ce41606710f4aabd67dcc68bf1992,338,305,242,96,7,1.4285714285714286,1,1.0,1,1,"[0, 1]",6.90939652412694e-06,6.429369878890867e-05,7.024417501000357e-06,0.0,5.961267301013429e-06,0.9507178384910865,6.909396537468915e-06,"[0.9741271001782854, 0.9741341245957864]",4.418706916585586,0.08135737711320318,4.500064293698789,2.6201263381153694e-14
2,1.0,0.16,8,reversed,2063de3df43fdfa89c11a61e6e162ce71d7fa2cf0e61b506949e2e8babf3e9da,1768377b2d5ea56423dc345911c6f2418a6a0dbafb3fb98b86b218d72538a546,338,305,242,96,7,1.4285714285714286,1,1.0,1,1,"[0, 1]",6.572400979975614e-06,2.76215957386583e-05,7.02325560308914e-06,0.0,4.369363954759287e-06,0.9507281691223423,6.572400966575742e-06,"[0.9741405819757895, 0.9741335587201864]",4.418730168404413,0.08124220999984846,4.499972378404261,2.6645352591003757e-14
2,1.0,0.16,8,symmetry,8e96d93d42edc98f9d044c0397aa20a3caa6fa590fd8ef12ab1705a119e3f8eb,9d7e4fda80dfa8c83b6a0fc181537b182f8f717524aa86d0d2163168688fb04c,338,257,242,96,7,1.4285714285714286,1,1.0,1,1,"[0, 1]",2.149844822457226e-05,3.9909354882183834e-05,0.0,0.0,2.149844821119906e-05,0.9507452982065987,1.1947812437851368e-05,"[0.9741459573872607, 0.9741459573872607]",4.418757797013664,0.08128211234121803,4.500039909354882,2.6867397195928788e-14
2,2.0,0.32,1,current,bcca9426024d7730791c5da3ba5d20de2b4d74fe35073a8ed2418ab80c1a0a8a,894804464cc738d6e7e478cfa47e0b9effab233e51c17cf8dbdb61db842c3ff9,44,39,32,12,7,1.4285714285714286,1,1.0,1,1,"[0, 1]",0.04269898635829815,0.10507348732564648,0.030229301279259047,0.0,0.018847359965888988,0.48212970371954494,0.04269898635829983,"[0.5576011235557566, 0.5878304248350157]",2.713100089592999,1.6818264230813538,4.3949265126743535,3.774758283725532e-15
2,2.0,0.32,1,reversed,ca309473cc9cfe882b1e67cb876b8f8ff209c4fce77cbacb4081e45dbc57e1a3,4b937358cf51dd72ab6ef1cf03574c93629f747d8a43453c578693e6f6be3532,44,39,32,12,7,1.4285714285714286,1,1.0,1,1,"[0, 1]",0.07630126980213091,0.06385455573609367,0.04587607457756304,0.0,0.03603519332817112,0.4649418703572628,0.025053478861675083,"[0.6253535887757316, 0.5794775141981685]",2.9170805033858067,1.6467740523502878,4.563854555736094,3.3306690738754696e-15
2,2.0,0.32,1,symmetry,eb89bc260d590f31e22738e6ff700facbb25d7261af61319e3de1532603091db,b48c21928119bbd4f72bf48bf5ab54a1cc99cc6267ea9c29761b132d6658811b,44,33,32,12,7,1.4285714285714286,1,1.0,1,1,"[0, 1]",0.1097772218392209,0.1895918917851338,1.1102230246251565e-16,0.0,0.03025863488059022,0.5312356985660242,0.07001792835990528,"[0.6703180382739617, 0.6703180382739616]",3.2250546817947336,1.4645372099904006,4.689591891785134,1.7763568394002505e-15
2,2.0,0.32,2,current,e4e95d92ee62098b52243609b67ef134788936f236d855847e5114224dd6cb91,7d6a447595a0f6b2aafaec6f5aa41d618241003592a29a32a13065e0c7c1e23f,86,77,62,24,7,1.4285714285714286,1,1.0,1,1,"[0, 1]",0.01266602147580833,0.04889009810355116,0.007575447225684262,0.0,0.006123407736277897,0.49485365594915603,0.012666021475810196,"[0.5876340884382463, 0.5952095356639305]",2.8062503883827965,1.644859513513652,4.451109901896449,3.9968028886505635e-15
2,2.0,0.32,2,reversed,b1ae81bc0095915d40f5d4d0080e356b03344f75b5bf594e4c54d767dce22554,3de89492e898eacec2047f5fc749b7d7658bafb018cf242ef9a847279c725f70,86,77,62,24,7,1.4285714285714286,1,1.0,1,1,"[0, 1]",0.0162960271632865,0.05995570619845125,0.00843074337074079,0.0,0.006915670043306732,0.4940613936421272,0.005447715223706018,"[0.6057478251377625, 0.5973170817670217]",2.8681026302511614,1.69185307594729,4.559955706198451,3.9968028886505635e-15
2,2.0,0.32,2,symmetry,fa6125d30d035cf7473dfe6aad4d0260e52b4dfa2e0c2a4753e0df089605c64b,56e7292f6db503f544efeba920214982b99f198a08bd3f43b9c9a332bd9a602f,86,65,62,24,7,1.4285714285714286,1,1.0,1,1,"[0, 1]",0.027002791017958695,0.10630449228820282,1.1102230246251565e-16,0.0,0.012450365901790494,0.5134274295872244,0.019726578459874022,"[0.6200266883739305, 0.6200266883739304]",2.950018985862747,1.6562855064254551,4.606304492288203,2.6645352591003757e-15
2,2.0,0.32,4,current,f8b1fccbf988a6442326d9c8912c8bcbf053913d14fd4b1d1f4df4d7515d5d10,99b78b31fbf12c0eebcc22099ea8f1f1b05d0d10d32c8f2d0f3ec608f463c749,170,153,122,48,7,1.4285714285714286,1,1.0,1,1,"[0, 1]",0.0032258627471562704,0.012561848902872264,0.00190285181375216,0.0,0.0015317726675732612,0.49944529101786067,0.003225862747161745,"[0.5970742471668947, 0.5989770989806469]",2.8389861019158347,1.6484520491812933,4.487438151097128,1.1102230246251565e-14
2,2.0,0.32,4,reversed,023639d91de412d17bddb39ea3db7f42a54ffdc4db0c48fff19ae53f8294a7ba,1914894b4679f760a7e720516809fc900c8f6b9e8d941d999b48779f4c5edb7f,170,153,122,48,7,1.4285714285714286,1,1.0,1,1,"[0, 1]",0.00391580825558753,0.01621083582733185,0.0019549796426531207,0.0,0.001656690557197582,0.49932037312823635,0.001278703391919711,"[0.6015788133059762, 0.5996238336633231]",2.8546273812155425,1.6615834546117894,4.516210835827332,1.2545520178264269e-14
2,2.0,0.32,4,symmetry,e02583d0e8505769d720ba23b50b16efab0e950cf7e23ded13cf3c195a1db14c,604a91e235d8649bd875a0571466a23e2369539a3063eba46a2dd3aee389a8e7,170,129,122,48,7,1.4285714285714286,1,1.0,1,1,"[0, 1]",0.006644395443372954,0.029489665252436126,4.440892098500626e-16,0.0,0.0033228681928685333,0.5042999318783025,0.004983631818118228,"[0.6052837417321747, 0.6052837417321743]",2.8752525525755934,1.6542371126768425,4.529489665252436,1.099120794378905e-14
2,2.0,0.32,8,current,586458daf16b246722a82ca2fcf5fe1fedb2fee88a19f9447bae274c51fe1993,90aafcebf377694fbbc921b4a3cc3d5e1e9ce41606710f4aabd67dcc68bf1992,338,305,242,96,7,1.4285714285714286,1,1.0,1,1,"[0, 1]",0.0008094485049200406,0.003149896002047292,0.0004764780264930879,0.0,0.0003821938447220452,0.5005948698407119,0.0008094485049292555,"[0.5994906614091272, 0.5999671394356203]",2.8474810977731746,1.6493690062247774,4.496850103997953,1.865174681370263e-14
2,2.0,0.32,8,reversed,650fc736a8ae6379255cba8217b4f11c277947f88d4672f2e565fb43e8a3b2cf,1768377b2d5ea56423dc345911c6f2418a6a0dbafb3fb98b86b218d72538a546,338,305,242,96,7,1.4285714285714286,1,1.0,1,1,"[0, 1]",0.0009693796563263746,0.0041152702711997335,0.0004797161259965099,0.0,0.0004101985057185509,0.5005668651797154,0.00031434938543783986,"[0.6006144592994943, 0.6001347431734978]",2.851397309649404,1.6527179606217957,4.5041152702712,2.0539125955565396e-14
2,2.0,0.32,8,symmetry,d3d69be00c33f77330ec730178fc3a9c05ab137fe3f954e9e22acc0d12e482ab,9d7e4fda80dfa8c83b6a0fc181537b182f8f717524aa86d0d2163168688fb04c,338,257,242,96,7,1.4285714285714286,1,1.0,1,1,"[0, 1]",0.0016533674096629036,0.0075402382148821445,0.0,0.0,0.0008422967990044938,0.5018193604844384,0.0012478321043291052,"[0.6015479420183856, 0.6015479420183856]",2.856558611383655,1.6509816268312272,4.507540238214882,1.887379141862766e-14
3,1.0,0.16,1,current,a56dec9fc35b119e4af61bacd18fe0b678b242652f4d183796b88f486e7b1b2e,765e8cc2c75724fb242ba5e1c778dfd8856fe1c57f25e657cf6892bd9d945ec5,91,69,59,32,13,1.6153846153846154,2,1.3333333333333333,2,1,[1],0.003798090775297469,0.03613627933644015,3.469446951953614e-18,3.469446951953614e-18,0.0037642205177094157,0.854998756876905,0.003036787855298928,"[0.027693548811359023, 0.9019853397064498, 0.027693548811359027]",2.800709082941057,0.1631546377225026,2.96386372066356,5.10702591327572e-15
3,1.0,0.16,1,reversed,d36315aa2d6c086f4084d03673b400aa23ebbb1e9b9da70522338c44442e03ac,0f8d51d20a1a29e81f8c24f0b0b472dfb8502b6183d3b0fc3ba8ac4b7ed28015,91,69,59,32,13,1.6153846153846154,2,1.3333333333333333,2,1,[1],0.006425475354096204,0.023006841226148822,3.469446951953614e-18,3.469446951953614e-18,0.006363299344648077,0.8651262767392625,0.005833290658549983,"[0.026753227211998784, 0.9108554182202987, 0.02675322721199878]",2.8236205545845863,0.19938628664156335,3.023006841226149,4.551914400963142e-15
3,1.0,0.16,1,symmetry,9260c6ce838af8f1860cce0d2f232d9694f52e016c7be20f7f966653fe4e7f0c,6a6aae1885d6873dffd1506ff8d688fd3eac509f1b62ee93f6eb8ffa9bfc57b0,91,67,59,32,13,1.6153846153846154,2,1.3333333333333333,2,1,[1],0.004222964499587446,0.011691258675381011,3.122502256758253e-17,3.469446951953614e-18,0.004222964499584814,0.8629859418941992,0.003104769438225241,"[0.026504380369260484, 0.908126896999974, 0.026504380369260453]",2.814841739653799,0.19684951902158215,3.011691258675381,4.6629367034256575e-15
3,1.0,0.16,2,current,b7f03a3892081ae1fd61b393161b111779713a377d9f69ded761ce6f03ce4f91,895718eee45a850d435c8240f7a9ee014cfb599978558936fe2e71db8b8c0270,181,137,117,64,13,1.6153846153846154,2,1.3333333333333333,2,1,[1],0.0009438619380215665,0.008734159363789296,2.0816681711721685e-17,3.469446951953614e-18,0.0009345795988275896,0.8578283977957868,0.0007519940412619164,"[0.027347201762465, 0.9042701335204868, 0.027347201762464978]",2.8063227820667014,0.18494305856950816,2.9912658406362107,9.103828801926284e-15
3,1.0,0.16,2,reversed,b4d5502166457832ab5510beca11bf8da7f4721a767e3c0a5898a00a9f9831cd,53c4f0677915c62f9f4a3a2141402bf5759264456ba570678b9a3dd1792b6691,181,137,117,64,13,1.6153846153846154,2,1.3333333333333333,2,1,[1],0.001605356378004878,0.0057946766471106415,2.42861286636753e-17,3.469446951953614e-18,0.0015902827970133426,0.8603532601916277,0.0014549879559383472,"[0.02711555321057283, 0.9064771155176871, 0.027115553210572855]",2.812045059966961,0.19374961668014956,3.0057946766471106,9.103828801926284e-15
3,1.0,0.16,2,symmetry,bb280baadcc5584685e2d43e773db7ef66781fe724c132aaf8b1b62548eb4629,ba6a68ec18cf628ef593f8bf116adff9beb0c49bfece1e9746db62e3c2b91702,181,133,117,64,13,1.6153846153846154,2,1.3333333333333333,2,1,[1],0.001047331546435796,0.0029043101783563507,1.734723475976807e-17,3.469446951953614e-18,0.0010473315464315514,0.8598103089410459,0.00075829051839027,"[0.027051808020023632, 0.905780418080139, 0.027051808020023615]",2.809808103943218,0.1930962062351383,3.0029043101783564,8.215650382226158e-15
3,1.0,0.16,4,current,275d2db820f255fbb4a8e0938e1979996e21634aaea9a46d742aa5c13cc80b80,a8c77d0b2cdabef3b9ba279df496609f76a174ba9474507d77488b124b9a2527,361,273,233,128,13,1.6153846153846154,2,1.3333333333333333,2,1,[1],0.00023556615805707214,0.0021650157212262933,1.3877787807814457e-17,3.469446951953614e-18,0.00023320116801417434,0.8585297762266002,0.00018752743896122137,"[0.02726897502057832, 0.9048346001227875, 0.027268975020578307]",2.8077572427499344,0.1900777415288401,2.9978349842787737,1.6653345369377348e-14
3,1.0,0.16,4,reversed,f4229ce286028076786d0869d3b77739adcec2f803b29f5a707ba3385f743131,7d132187bc68f86135716fbbc3aaa1c51d5a5fe1ced4a7b1900340154dbf252a,361,273,233,128,13,1.6153846153846154,2,1.3333333333333333,2,1,[1],0.00040125018869989894,0.0014510338644728726,2.0816681711721685e-17,3.469446951953614e-18,0.00039751576862911975,0.8591604931632435,0.00036351626343911203,"[0.027211258421282532, 0.9053856438251878, 0.02721125842128251]",2.8091871943186355,0.19226383954583726,3.001451033864473,1.8207657603852567e-14
3,1.0,0.16,4,symmetry,36abed5939210bd07a7ca3b22f3b47ce2069bdb6b2bfeb3f30c2ac05952afd8a,782263ca64b71eeefc48c91b81baad1ed2e7baec77bdb2c8f2c383245da35ab6,361,265,233,128,13,1.6153846153846154,2,1.3333333333333333,2,1,[1],0.00026128875916340676,0.0007247592847496875,1.0408340855860843e-17,3.469446951953614e-18,0.0002612887591542101,0.8590242661537686,0.0001884462352488292,"[0.02719523451270307, 0.9052105737969975, 0.02719523451270308]",2.808625389514461,0.19209936977028952,3.0007247592847497,1.7985612998927536e-14
3,1.0,0.16,8,current,9041dcacb8097d4ab0631113f09dbd1d2ec090216bdbb516a086a7f7a41164ed,6c1d27e17ed1cf182fc54db750bd1543268c42d972721db2752c586c79302655,721,545,465,256,13,1.6153846153846154,2,1.3333333333333333,2,1,[1],5.88659177993382e-05,0.000540099769689828,2.42861286636753e-17,3.469446951953614e-18,5.827199088237478e-05,0.858704705403732,4.6852113797513084e-05,"[0.027249920553906373, 0.9049752754479512, 0.027249920553906348]",2.8081175870865236,0.1913423131437868,2.99945990023031,5.3290705182007514e-14
3,1.0,0.16,8,reversed,4ced4ad32f788b6ba34537097df5aa2ac14e5b724e266a736f581d05325a037d,c3efd6a30007b164e43ba141b21b222d7caf82b4056735188035bfb016236483,721,545,465,256,13,1.6153846153846154,2,1.3333333333333333,2,1,[1],0.00010030660779727166,0.0003629013861305985,0.0,3.469446951953614e-18,9.937519559155561e-05,0.8588623525902059,9.086431782523441e-05,"[0.027235503336647662, 0.905112991879574, 0.027235503336647662]",2.8084750323591727,0.19188786902695845,3.0003629013861306,4.8405723873656825e-14
3,1.0,0.16,8,symmetry,1d8ee5c9ed9b51ad1d757c48a6f85f84256cc51f99156e5188ead9ebb69ed7fa,bd05771960bd5d669b272bc9502d616621a977b68ce0e1c70ed5f688b91fff25,721,529,465,256,13,1.6153846153846154,2,1.3333333333333333,2,1,[1],6.528790666247046e-05,0.00018110497652967794,6.938893903907228e-18,3.469446951953614e-18,6.528790663618e-05,0.8588282653012506,4.704105634034672e-05,"[0.027231492007654054, 0.9050691686180891, 0.02723149200765406]",2.8083344219279907,0.1918466830485392,3.0001811049765297,5.218048215738236e-14
3,2.0,0.32,1,current,772aa3d36e9537b9c7b6edb8f91a8a94eefae84ca9fd05a66b0e4bc4e8aedcba,765e8cc2c75724fb242ba5e1c778dfd8856fe1c57f25e657cf6892bd9d945ec5,91,69,59,32,13,1.6153846153846154,2,1.3333333333333333,2,1,[1],0.14379304649583372,2.1386219663253314,0.0,0.0,0.0820678778689527,0.009809756588970306,0.10172972904018937,"[0.573259183425566, 0.19028861921650617, 0.573259183425566]",3.6435154461535304,-2.782137412478862,0.8613780336746687,5.773159728050814e-15
3,2.0,0.32,1,reversed,b6865d3c79408090312a8b8ba7af66feafdf6446a1d6cb0d6ba9ec0d67f5ebd6,0f8d51d20a1a29e81f8c24f0b0b472dfb8502b6183d3b0fc3ba8ac4b7ed28015,91,69,59,32,13,1.6153846153846154,2,1.3333333333333333,2,1,[1],0.22146149574986884,0.48531850682692124,1.1102230246251565e-16,0.0,0.1371069275536505,0.2289845620115735,0.2151833951917213,"[0.4740099029518724, 0.5072017434484168, 0.4740099029518723]",3.8834760795624508,-0.39815757273553,3.4853185068269212,5.551115123125783e-15
3,2.0,0.32,1,symmetry,00a65b97a74991ca0835293304dac2024ed6a77d5ff505fe238acc74ab12b1ca,6a6aae1885d6873dffd1506ff8d688fd3eac509f1b62ee93f6eb8ffa9bfc57b0,91,67,59,32,13,1.6153846153846154,2,1.3333333333333333,2,1,[1],0.11991216515865849,0.7523684907119668,1.1102230246251565e-16,0.0,0.04509369195548714,0.13697132641341014,0.11991216515865571,"[0.5009600541977652, 0.41193051341535125, 0.5009600541977651]",3.738537854004562,0.013830636707404961,3.7523684907119668,5.662137425588298e-15
3,2.0,0.32,2,current,5aafcfabeeaa255f3e2694581b80308a659e5626137312718bea6a1ea3be60db,895718eee45a850d435c8240f7a9ee014cfb599978558936fe2e71db8b8c0270,181,137,117,64,13,1.6153846153846154,2,1.3333333333333333,2,1,[1],0.033804491976913445,0.2925869317332537,2.220446049250313e-16,0.0,0.021528415095824247,0.07034921936209876,0.02674890743723901,"[0.5631681113334028, 0.2652694408194565, 0.5631681113334026]",3.8030522934896074,-1.0956392252228608,2.7074130682667463,8.548717289613705e-15
3,2.0,0.32,2,reversed,f7faf39edcb6eb05123196946948ccc8d93cbe624e6e3c7a3fbb1602e964e75a,53c4f0677915c62f9f4a3a2141402bf5759264456ba570678b9a3dd1792b6691,181,137,117,64,13,1.6153846153846154,2,1.3333333333333333,2,1,[1],0.04595985270315322,0.11384538385793785,3.3306690738754696e-16,0.0,0.024603044545832065,0.11648067900375507,0.04472988263204786,"[0.5374715890590132, 0.3367482308887434, 0.5374715890590128]",3.8317544852805283,-0.7179091014225903,3.113845383857938,7.105427357601002e-15
3,2.0,0.32,2,symmetry,afed9d2454c139033c138e54323eb6d9b5e0516e2d426ef4b28d825ff24a7fe5,ba6a68ec18cf628ef593f8bf116adff9beb0c49bfece1e9746db62e3c2b91702,181,133,117,64,13,1.6153846153846154,2,1.3333333333333333,2,1,[1],0.024948321917767826,0.13395178279852127,0.0,0.0,0.009362753371491811,0.10124038782941482,0.022521941687487057,"[0.5420042412020911, 0.3145402899441826, 0.5420042412020911]",3.8012022630519895,-0.6672504802534682,3.1339517827985213,7.549516567451064e-15
3,2.0,0.32,4,current,ff2fea665a265e9f8f6c571848b19820b4afc1ece7ccfcd159ccfd87e88d3097,a8c77d0b2cdabef3b9ba279df496609f76a174ba9474507d77488b124b9a2527,361,273,233,128,13,1.6153846153846154,2,1.3333333333333333,2,1,[1],0.008123617423715097,0.06316605395493724,1.1102230246251565e-16,0.0,0.005320734848234754,0.08655689960968825,0.00663824985039102,"[0.5590401578963392, 0.2853800984063045, 0.5590401578963393]",3.8366184483073384,-0.8997845022622761,2.9368339460450628,2.1871393585115584e-14
3,2.0,0.32,4,reversed,a71cc39acdd9e08344124c7e997206c1bd503b9ff8cf0370a03cebc972b5adb8,7d132187bc68f86135716fbbc3aaa1c51d5a5fe1ced4a7b1900340154dbf252a,361,273,233,128,13,1.6153846153846154,2,1.3333333333333333,2,1,[1],0.011313657659928544,0.025963815831357984,0.0,0.0,0.0056537574245260624,0.09753139188244907,0.010616877556638704,"[0.5525648667583298, 0.30263522581333424, 0.5525648667583298]",3.8416817179842093,-0.815717902152852,3.025963815831358,2.0872192862952943e-14
3,2.0,0.32,4,symmetry,8fe930a541d18cc33108e3e35a3fcac9c16989dc1fe77ed9d04b90adcaaac493,782263ca64b71eeefc48c91b81baad1ed2e7baec77bdb2c8f2c383245da35ab6,361,265,233,128,13,1.6153846153846154,2,1.3333333333333333,2,1,[1],0.00602376798316101,0.03029639105424975,0.0,0.0,0.0022014848646110113,0.09407911932253402,0.005158281994416092,"[0.5535887695836783, 0.29717663025111163, 0.5535887695836783]",3.8343039821829152,-0.8040075911286656,3.0302963910542497,2.220446049250313e-14
3,2.0,0.32,8,current,48f34fea952946fa8d5518dba0cbf4b4de16d9687e85dd1523a629adb2efdacb,6c1d27e17ed1cf182fc54db750bd1543268c42d972721db2752c586c79302655,721,545,465,256,13,1.6153846153846154,2,1.3333333333333333,2,1,[1],0.002009931475343788,0.015227742227858165,0.0,0.0,0.0013259427621403475,0.09055169169578266,0.0016557041351943913,"[0.5578871072855515, 0.29036264412150115, 0.5578871072855515]",3.8441041391417663,-0.8593318813696247,2.984772257772142,3.885780586188048e-14
3,2.0,0.32,8,reversed,d07dfc06169c955959f170cff66873d68cbcfa900e4e9c45bd48492e0643cd75,c3efd6a30007b164e43ba141b21b222d7caf82b4056735188035bfb016236483,721,545,465,256,13,1.6153846153846154,2,1.3333333333333333,2,1,[1],0.0028159349241801378,0.006326639747625595,3.3306690738754696e-16,0.0,0.0013841218056697413,0.09326175626359275,0.0026197173386856565,"[0.5562658495017527, 0.2946380655953812, 0.5562658495017531]",3.8452446154009157,-0.8389179756532902,3.0063266397476256,3.952393967665557e-14
3,2.0,0.32,8,symmetry,5d620691b3fc1e88b7ea4782400bfd7caa91e409f82c812a75bf15972bdfbd5d,bd05771960bd5d669b272bc9502d616621a977b68ce0e1c70ed5f688b91fff25,721,529,465,256,13,1.6153846153846154,2,1.3333333333333333,2,1,[1],0.0014943157863363983,0.007377771399562416,1.1102230246251565e-16,0.0,0.000541709262951176,0.09241934372087418,0.0012604614257900049,"[0.5565152138461243, 0.29327880968248554, 0.5565152138461245]",3.843413875612391,-0.836036104212829,3.0073777713995624,3.9745984281580604e-14
4,1.0,0.16,1,current,fd52cd6764cac6f6414512e1e92408da07b49140645420eb1c74fd957fe08ed7,8c40d381cd9cc513b3b8ff37f3e775ee58b7f1bbffe988f1fe9c9f5b4c0ddd85,140,99,88,52,19,1.6842105263157894,3,1.5,2,1,"[1, 2]",0.0010166033846125359,0.0005060245724886059,0.0004506120222473875,3.469446951953614e-18,0.0010166033846168432,0.9024985992793634,0.0006015373007550728,"[0.025999059800360207, 0.9738230329666956, 0.974273644988943, 0.025988438695241697]",4.499473441423498,2.053400401354254e-05,4.499493975427511,9.2148511043888e-15
4,1.0,0.16,1,reversed,21e40d7c334a9709193e8227da41997a3b425d68b528aab2e53a43b7db71ecbb,0d419151795ca5cdb3ddeff831edff9e9b7e7ff5d58e45fbaa5e402e083a6990,140,99,88,52,19,1.6842105263157894,3,1.5,2,1,"[1, 2]",0.0013276808045863274,0.00039189155679597576,0.0004163095265450334,3.469446951953614e-18,0.001327680804582454,0.9048428834685627,0.0007096551400387341,"[0.025463287926995416, 0.9751342254074894, 0.9747179158809444, 0.025454996963456517]",4.500665687928127,-0.0010575794849222845,4.499608108443204,8.326672684688674e-15
4,1.0,0.16,1,symmetry,88f315d82b282c1d91e08e26bda0b99db8aae18e82cb1ff7fbc8b801959699e2,fed9e3a08ac09fb94dae730ec9bef276f44660d541de482d2dd9f8b680aeeabe,140,83,88,52,19,1.6842105263157894,3,1.5,2,1,"[1, 2]",0.0020731143286816522,0.00265454573159829,1.0408340855860843e-17,3.469446951953614e-18,0.002044546277326642,0.9055597489413069,0.0007298093811027861,"[0.025350156210711287, 0.9751543796485534, 0.9751543796485534, 0.025350156210711277]",4.501013602503406,0.0016409432281925193,4.502654545731598,6.8833827526759706e-15
4,1.0,0.16,2,current,68b3dd075a88940641ab180146330d5637bbe4cd4faf56c4b3861bf2b286f971,7f1a858079fb1bad88c9ae64a8cfe2ffeff436dcd457a383321d66078ff0f5ea,278,197,174,104,19,1.6842105263157894,3,1.5,2,1,"[1, 2]",0.00025700673398984503,0.00015300437303622516,0.0001110724644129979,3.469446951953614e-18,0.00025700673399642326,0.9032581959299838,0.00015013089802584645,"[0.025829265315842967, 0.9742744393694248, 0.9743855118338378, 0.025826861173049127]",4.499857844790163,-1.0849163198958962e-05,4.499846995626964,1.3655743202889425e-14
4,1.0,0.16,2,reversed,837fb6ae97126aac3d07b16340a6a54f2494ab7bcfb6fe037757d6af92b28b82,c94d2050145e4d91b89747af84c8e1e2331b5a798e72dfc893363e82fef32981,278,197,174,104,19,1.6842105263157894,3,1.5,2,1,"[1, 2]",0.0003371144197363771,6.325149989816481e-05,0.00010445109716405998,3.469446951953614e-18,0.00033711441972905654,0.9038523170837093,0.00018040795106688545,"[0.025696099708067105, 0.9746049782185175, 0.9745005271213535, 0.025693836382163025]",4.50017187744424,-0.00023512894413653222,4.499936748500102,1.509903313490213e-14
4,1.0,0.16,2,symmetry,d10171b33c5ff5110c9f773dbe5c8efd1c57e86e9bd2321dba1bd0c6721a02de,dd86d861e20db48a9660735ef647e374b9d848fa5877477d6d32213cb5eb0d38,278,165,174,104,19,1.6842105263157894,3,1.5,2,1,"[1, 2]",0.0005305144590309178,0.0007012783415563106,6.938893903907228e-18,3.469446951953614e-18,0.0005242475085945886,0.9040394501725748,0.0001914259283131159,"[0.02566599488258984, 0.9746159961957638, 0.9746159961957638, 0.025665994882589846]",4.5002774279620805,0.0004238503794760139,4.500701278341556,1.5210055437364645e-14
4,1.0,0.16,4,current,6f948c88035c91f2197f1137a83ff24126ea841e421d621b49636ef7dacc158c,0055524de0e6756b1bdae3bcbbabe4d1c90e0687c7144dc6fd7632feb82fd3db,554,393,346,208,19,1.6842105263157894,3,1.5,2,1,"[1, 2]",6.441221069651361e-05,3.978203851850992e-05,2.766903720008429e-05,3.469446951953614e-18,6.441221071018521e-05,0.90345079045327,3.7511307488080625e-05,"[0.025787814904012694, 0.9743870589599626, 0.9744147279971627, 0.025787228457034423]",4.499961331179562,-1.1132180797895387e-06,4.4999602179614815,2.786659791809143e-14
4,1.0,0.16,4,reversed,caff5087d5435797e9af14e48e775f3ad86b3d0d8a6cec929c880d0302d69cf2,adc7a6a3f107fc75d486af6c2660ba08378b7c0714921438054a7c6b558301d6,554,393,346,208,19,1.6842105263157894,3,1.5,2,1,"[1, 2]",8.459297866879754e-05,1.3784922102466624e-05,2.6138954826504524e-05,3.469446951953614e-18,8.459297865570647e-05,0.9035997956426359,4.528371703460543e-05,"[0.025754569719819726, 0.9744698539844853, 0.9744437150296588, 0.025753991999797707]",4.500040789289648,-5.45742117510563e-05,4.4999862150778975,2.6756374893466273e-14
4,1.0,0.16,4,symmetry,36c78990ac6aa39a1ddfd54dfcaade19dc075b999e8934c6d8ec114be34a8e79,896a505cf149d6f83768524197ac0ecd7c7836d8bfbe8137e494807dd5f20899,554,329,346,208,19,1.6842105263157894,3,1.5,2,1,"[1, 2]",0.0001333690914702209,0.0001775936692212099,2.7755575615628914e-17,3.469446951953614e-18,0.00013185695154815935,0.9036470596155284,4.839472918394261e-05,"[0.02574692819188857, 0.9744729649966346, 0.9744729649966346, 0.025746928191888598]",4.500068266076811,0.00010932759240970483,4.500177593669221,2.8199664825478976e-14
4,1.0,0.16,8,current,a61bd2288feb3c569501824e7a05287f099dc2a2386179701d27c53e57f6e0e9,7caa42fd2854176142b5df25240a0661285517cb015567b0a6f45454ce2fe88d,1106,785,690,416,19,1.6842105263157894,3,1.5,2,1,"[1, 2]",1.6112819196110236e-05,1.0039325014865597e-05,6.911064967085601e-06,3.469446951953614e-18,1.611281923308283e-05,0.9034990898447471,9.376406060801479e-06,"[0.025777512118447986, 0.9744151938613899, 0.974422104926357, 0.02577736640147496]",4.499987641382043,2.3192929411905948e-06,4.499989960674985,7.460698725481052e-14
4,1.0,0.16,8,reversed,4affe27700bb8ead41071e8a1299a0032daf01286c8a2ecd63b781d77e2db4b9,15d3c2f6b6879e402e1a1de45eaffa6ffd113e0afa57d8f9953ffab8ebe27836,1106,785,690,416,19,1.6842105263157894,3,1.5,2,1,"[1, 2]",2.1167739076644126e-05,3.3215301060707247e-06,6.536417628155711e-06,3.469446951953614e-18,2.11677390385967e-05,0.9035363704030188,1.133220989757433e-05,"[0.025769203674157887, 0.9744359024773482, 0.9744293660597201, 0.025769058501467323]",4.500007564556644,-1.0886086748748691e-05,4.499996678469894,7.638334409421077e-14
4,1.0,0.16,8,symmetry,c1d916967a79236131de172bc96160677452f2c9aeb5d8834ad0f60421f92543,284dc5232d20bfdf10fec670d0e2b0004d8137bd5832220d83e0438c48a56690,1106,657,690,416,19,1.6842105263157894,3,1.5,2,1,"[1, 2]",3.338817584517598e-05,4.453930709491516e-05,9.367506770274758e-17,3.469446951953614e-18,3.301355068974221e-05,0.90354821621467,1.2131973548767938e-05,"[0.025767286063676592, 0.9744367022409994, 0.9744367022409994, 0.025767286063676686]",4.500014500698253,3.0038608842249213e-05,4.500044539307095,7.72715225139109e-14
4,2.0,0.32,1,current,c785827ce17e790eeb08e2a7a49b7cc8eced0114e4fe433cc5a8e4913bd3ae10,8c40d381cd9cc513b3b8ff37f3e775ee58b7f1bbffe988f1fe9c9f5b4c0ddd85,140,99,88,52,19,1.6842105263157894,3,1.5,2,1,"[1, 2]",0.08128927609582622,0.631559515630717,0.02681237614387899,1.1102230246251565e-16,0.030610858674321534,0.1886715467371131,0.06198064194453701,"[0.46774268940567526, 0.5933549233936608, 0.6201672995375398, 0.46084791208529274]",4.905371611417522,-1.0369311270482384,3.868440484369283,8.659739592076221e-15
4,2.0,0.32,1,reversed,e4c47605024d56b1d16ff35ba12bea1595f077b9a4f476eb1be78da6c1b7768a,0d419151795ca5cdb3ddeff831edff9e9b7e7ff5d58e45fbaa5e402e083a6990,140,99,88,52,19,1.6842105263157894,3,1.5,2,1,"[1, 2]",0.10035470301895703,0.17196311681094834,0.015560850874846044,1.1102230246251565e-16,0.02919986935540153,0.24848227476683615,0.06371094494882357,"[0.38447863948642447, 0.7190465102870214, 0.7034856594121753, 0.374646411224263]",4.967244998728077,-0.2952818819171302,4.671963116810948,9.103828801926284e-15
4,2.0,0.32,1,symmetry,a619077938ec332b85e1cf93dac9d5a5eecfe46c2ffeae999dc92d109399dbb6,fed9e3a08ac09fb94dae730ec9bef276f44660d541de482d2dd9f8b680aeeabe,140,83,88,52,19,1.6842105263157894,3,1.5,2,1,"[1, 2]",0.09332392544778087,0.11453007906901913,2.220446049250313e-16,1.1102230246251565e-16,0.01165326664364913,0.23093567205508375,0.05392050340927512,"[0.40423818066020556, 0.7092560687474729, 0.7092560687474727, 0.4042381806602055]",5.062606120603469,-0.6771361996724883,4.385469920930981,8.326672684688674e-15
4,2.0,0.32,2,current,aec4cfceb850db551b597b36803f068aae2b65432c2e1aa8e94c0e9cd1473d23,7f1a858079fb1bad88c9ae64a8cfe2ffeff436dcd457a383321d66078ff0f5ea,278,197,174,104,19,1.6842105263157894,3,1.5,2,1,"[1, 2]",0.02132484069783102,0.11174640349227793,0.0076246347466621955,1.1102230246251565e-16,0.009032012768011244,0.21025039264342338,0.016661061705741442,"[0.43886179668678404, 0.6386745036324564, 0.6462991383791186, 0.4361398370631923]",4.930677217449695,-0.5424236209419729,4.388253596507722,1.4210854715202004e-14
4,2.0,0.32,2,reversed,ae8082d74406da4625d3b67656787a3d09dfd6c21b2625bdfa4d49bc98ed4a39,c94d2050145e4d91b89747af84c8e1e2331b5a798e72dfc893363e82fef32981,278,197,174,104,19,1.6842105263157894,3,1.5,2,1,"[1, 2]",0.024309425853395336,0.051105870610648196,0.0027325234616289995,1.1102230246251565e-16,0.006841015887240093,0.22612342129867471,0.014711972457532418,"[0.4187465658318774, 0.6700475377957302, 0.6675191341820161, 0.4160140423702484]",4.953495526957835,-0.4023896563471879,4.551105870610648,1.354472090042691e-14
4,2.0,0.32,2,symmetry,b2f5ff2f5762250cf3ed3beb082d2358d1bca2e1b1aac118a6280d1142bd1e28,dd86d861e20db48a9660735ef647e374b9d848fa5877477d6d32213cb5eb0d38,278,165,174,104,19,1.6842105263157894,3,1.5,2,1,"[1, 2]",0.025290573084936967,0.024570589928369913,2.220446049250313e-16,1.1102230246251565e-16,0.005160408886832307,0.22444281429826693,0.017337552331918693,"[0.4216931527329874, 0.6726731176701162, 0.6726731176701164, 0.42169315273298735]",4.977801161885724,-0.4532305719573547,4.52457058992837,1.3322676295501878e-14
4,2.0,0.32,4,current,644e500b9aaf4b7c0e91f5e4da8273f3e129261ff3590eb356c2de77abb0ccd9,0055524de0e6756b1bdae3bcbbabe4d1c90e0687c7144dc6fd7632feb82fd3db,554,393,346,208,19,1.6842105263157894,3,1.5,2,1,"[1, 2]",0.005313634672966628,0.02520524180986694,0.0019288541273073667,1.1102230246251565e-16,0.0022932272218122995,0.21698917818962232,0.004169658098090778,"[0.4314951523554479, 0.651165907240107, 0.6530947613674144, 0.4307995536623891]",4.942963329669355,-0.4681685714792218,4.474794758190133,3.064215547965432e-14
4,2.0,0.32,4,reversed,40d1f5e3a8408e2edb4c6a97219c87ad51e9462ace76dd0fee5ecf0921a4317f,adc7a6a3f107fc75d486af6c2660ba08378b7c0714921438054a7c6b558301d6,554,393,346,208,19,1.6842105263157894,3,1.5,2,1,"[1, 2]",0.00598915966467814,0.012372299505813089,0.0006958579818133748,1.1102230246251565e-16,0.0016404621971906341,0.22092286760862526,0.0035820916850843876,"[0.4265645218065044, 0.6589176570232822, 0.6583532117466158, 0.425868663824691]",4.94896301308157,-0.4365907135757565,4.512372299505813,3.108624468950438e-14
4,2.0,0.32,4,symmetry,bb8fd7ac69bffe9a97b7d37c7b6d4bbf096abd7eb571026ba348cb8c16c16561,896a505cf149d6f83768524197ac0ecd7c7836d8bfbe8137e494807dd5f20899,554,329,346,208,19,1.6842105263157894,3,1.5,2,1,"[1, 2]",0.006326773784545754,0.008090217105616304,4.440892098500626e-16,1.1102230246251565e-16,0.0013717998558211153,0.22065420526725574,0.004433333615075696,"[0.42715053109695555, 0.6597688989532735, 0.6597688989532731, 0.42715053109695517]",4.954559048914023,-0.4464688318084067,4.508090217105616,3.064215547965432e-14
4,2.0,0.32,8,current,28965c5a86297121f4c5fe48504e6c2c71f4dc1581ed252e71e162d4121b99b3,7caa42fd2854176142b5df25240a0661285517cb015567b0a6f45454ce2fe88d,1106,785,690,416,19,1.6842105263157894,3,1.5,2,1,"[1, 2]",0.0013263336807849135,0.00613446646435456,0.0004834258209567288,1.1102230246251565e-16,0.0005754136360187623,0.21870699177541586,0.001042073425133072,"[0.42966848220229986, 0.6542934919130647, 0.6547769177340215, 0.4294940160117185]",4.946205053688001,-0.45233952015235573,4.493865533535645,6.539213615042172e-14
4,2.0,0.32,8,reversed,ee81bee779214857ff78f8ebd18a7c198a2ccdac240670a7d4e2321de1866e89,15d3c2f6b6879e402e1a1de45eaffa6ffd113e0afa57d8f9953ffab8ebe27836,1106,785,690,416,19,1.6842105263157894,3,1.5,2,1,"[1, 2]",0.001491112715289929,0.0030640846170415514,0.00017447638396705933,1.1102230246251565e-16,0.0004057087994948638,0.21968811421092949,0.000889397683996429,"[0.4284419420463539, 0.6562249630221942, 0.6560877563057647, 0.4282674656623868]",4.947718463530328,-0.44465437891328763,4.5030640846170416,6.294964549624638e-14
4,2.0,0.32,8,symmetry,a245d17e35e155562e05303a37eba849af52465c603e7398daa41bb4ff32e224,284dc5232d20bfdf10fec670d0e2b0004d8137bd5832220d83e0438c48a56690,1106,657,690,416,19,1.6842105263157894,3,1.5,2,1,"[1, 2]",0.0015805598772866605,0.0021260057651009134,7.216449660063518e-16,1.1102230246251565e-16,0.0003473958695881241,0.21962980128102275,0.001112861466381565,"[0.4285791312197695, 0.6564484268045794, 0.6564484268045789, 0.42857913121976876]",4.949083988355171,-0.44695798259007147,4.502126005765101,6.439293542825908e-14
5,1.0,0.16,1,current,e35063a322f9e64889fbd9745c2eae996f87d17ec7b163c0ccf500ef6a27a778,8e6844338f73e15122efb5508ac939bc137edd6cadbefd075727a5a24c97e8c5,187,134,115,72,25,1.72,4,1.6,2,1,[2],0.004031106288676338,0.000972377769390409,0.0004032507053328416,0.0,0.004001837851808521,0.695261758059743,0.0015388232563638832,"[0.09793212714381946, 0.027127001942695905, 0.9037331209632683, 0.026723751237363064, 0.09794694555716725]",3.388890193488386,-0.3879178157189956,3.0009723777693904,9.547918011776346e-15
5,1.0,0.16,1,reversed,36a8b7bf2f870eef4c2fb559c0502bcb46aa55e098f9def4eca7235fdcfe8a70,b9c73f90927f1a7702b48a5e73d5cbf1214365bd00acbcecca46f4fb7315d51c,187,134,115,72,25,1.72,4,1.6,2,1,[2],0.00961342123447889,0.0027034562594416833,0.00033832883270533756,0.0,0.009598431485028813,0.7088620273965803,0.004147381344806522,"[0.09289182051832563, 0.025774491962509898, 0.9091321819330129, 0.026112820795215236, 0.09292461508164061]",3.370974774367699,-0.37367823062714156,2.9972965437405583,1.021405182655144e-14
5,1.0,0.16,1,symmetry,0f1131a1f71f07a81899a38b3a90634d2f8605b945cd10b91acd44bb757e1b94,efab82df3ae9f9299d0990e151004f6ecb0a75f5667c774a848c1b6e3f6c585c,187,106,115,72,25,1.72,4,1.6,2,1,[2],0.007438908150610331,0.006207797551762706,6.938893903907228e-17,0.0,0.007410687311855679,0.7066742832234072,0.003122624326375667,"[0.09396489940654909, 0.02581333373763757, 0.9081074249145821, 0.02581333373763757, 0.09396489940654902]",3.374255925495081,-0.38046372304684345,2.9937922024482373,9.325873406851315e-15
5,1.0,0.16,2,current,bd66b63106ea1eb2ba53db04ee577bc5a516f886a741be86a4c2b7ef936ef862,8fce0abdbcb2e9a8f70c342ce15ae5cbd2d944a42e437502fede0d157c893389,373,268,229,144,25,1.72,4,1.6,2,1,[2],0.0010280709318142183,0.00033433565482443584,0.00010051020672614125,0.0,0.0010201099657498602,0.6982434859458017,0.0003904249214817107,"[0.0967957606509998, 0.026679147229329857, 0.9046670830091487, 0.026578637022603716, 0.09679854722228508]",3.3837393639310145,-0.38340502827619066,3.0003343356548244,2.1538326677728037e-14
5,1.0,0.16,2,reversed,bb5457a2998df62621890360195683720097a586d7829ff135eff6e4487a097d,f6aea3bf3166425d47f6c0e2ca7ee5cce8ec4676267e9d3a9230860146e5617e,373,268,229,144,25,1.72,4,1.6,2,1,[2],0.002373069779588474,0.0008098860642387073,8.340418466296073e-05,0.0,0.0023708248045994917,0.701634420716151,0.0010241895541515111,"[0.09553765845071789, 0.02634227715404609, 0.9060089901423579, 0.02642568133870905, 0.09554803249679085]",3.379275119125765,-0.38008500519000366,2.9991901139357613,1.9317880628477724e-14
5,1.0,0.16,2,symmetry,51ce4faba18e65ac458334501fb821c616c99ba22609e2b105b1898be1e79a68,c2142e093ccb99940251960feda0c8e111c5304b305b2585b4176727240e142e,373,212,229,144,25,1.72,4,1.6,2,1,[2],0.001834898094122278,0.0015880018515077587,4.163336342344337e-17,0.0,0.0018283678953099347,0.7010919638068615,0.000760360932745785,"[0.09580218330330695, 0.02635107898899588, 0.9057451615209522, 0.026351078988995903, 0.0958021833033069]",3.380050502180193,-0.38163850403170124,2.9984119981484922,1.8762769116165146e-14
5,1.0,0.16,4,current,4b967c5002f711a06806233fcc8782ce8d536a64943b8ff2a1712fd51186ea30,495a1a0380964ce3d87e9e0df5d5d4a019d919b5ff9cd004d857e037c784d1c0,745,536,457,288,25,1.72,4,1.6,2,1,[2],0.0002582273345986792,8.899471056622588e-05,2.5097298206232244e-05,0.0,0.0002561873984169294,0.6990074085131346,9.793562813588397e-05,"[0.09650542242421631, 0.026573076821032535, 0.9049050795951534, 0.026547979522826302, 0.09650605792893925]",3.3824715304608484,-0.38238253575028297,3.0000889947105662,3.8413716652030416e-14
5,1.0,0.16,4,reversed,6c5d6cd7874a0b2d323b83c188ff4801290ee37bb2d7c3ab2489cba5eb10a35b,8623efa9ff8099b86bea9ddfaf9dfaf6629b3c2abefbe81a2f3706bb6dd0bd32,745,536,457,288,25,1.72,4,1.6,2,1,[2],0.0005913637808758289,0.00021049724424981875,2.0779044246618805e-05,0.0,0.0005908921176747128,0.6998544880292262,0.00025527535008429414,"[0.09619106432193533, 0.026488940356991477, 0.9052400759382907, 0.026509719401238096, 0.09619379826835814]",3.3813566403108504,-0.38156713755509947,2.99978950275575,3.708144902248023e-14
5,1.0,0.16,4,symmetry,398132225e1451f58f50067013e5bdbd95e87c0553cb365f2159da153834f8ae,c36dcb5ed5e24592bac07f2e2a1f25c337f7115b6a7b2da1a41f3a60b50299e2,745,424,457,288,25,1.72,4,1.6,2,1,[2],0.0004571621682181107,0.00039937474409024176,9.020562075079397e-17,0.0,0.0004555647394838269,0.6997191606510353,0.0001888171371074998,"[0.09625694232238906, 0.026491082657236483, 0.9051736177253139, 0.026491082657236573, 0.09625694232238914]",3.381547475934834,-0.3819468506789252,2.9996006252559098,3.907985046680551e-14
5,1.0,0.16,8,current,f40a04ba618e41d9b4aeb4578cee0d2ab64b9f4095aa7f4bc0519053133602bb,a3c3aa0730f53f43ddad72a4d4519d745a0759d60b4da195300a7d684cae92e5,1489,1072,913,576,25,1.72,4,1.6,2,1,[2],6.463129764576604e-05,2.25827274835666e-05,6.272262705438875e-06,0.0,6.411829815566872e-05,0.6991994776133958,2.4504072593009574e-05,"[0.09643247137051303, 0.026546920791000603, 0.9049648522612593, 0.026540648528295165, 0.09643262637339638]",3.382155835406219,-0.3821332526787355,3.0000225827274836,1.0835776720341528e-13
5,1.0,0.16,8,reversed,711dad0da0da2293cdbf8cc75355c1eb62b7d77317c17c1ab19014ea91c35818,0e2dbe8365b664a17674bfc2e05c6e186abe88172a277128071a1a6a50c2127b,1489,1072,913,576,25,1.72,4,1.6,2,1,[2],0.00014772182067263309,5.312059112760892e-05,5.1902868996173135e-06,0.0,0.00014760943742919697,0.6994112053489807,6.377087641862289e-05,"[0.09635389297256934, 0.026525891778509208, 0.905048571464625, 0.026531082065408825, 0.09635458530447172]",3.381877189881033,-0.3819303104721612,2.9999468794088724,1.0391687510491465e-13
5,1.0,0.16,8,symmetry,595244604b48955e0278570cc4c416513f47e5ccb27c474b34b001ddd0bd6d1c,b0cedf69c912283123b53419d08ec81823ffe1bcb10c958901261a933e6fa5ee,1489,848,913,576,25,1.72,4,1.6,2,1,[2],0.00011419274886241446,9.999388569781331e-05,3.0531133177191805e-16,0.0,0.00011379562102431517,0.6993773915325758,4.712466087763989e-05,"[0.09637034636242281, 0.02652642370120217, 0.905031925249084, 0.02652642370120223, 0.0963703463624225]",3.381924707648122,-0.38202470153382034,2.999900006114302,1.0058620603103918e-13
5,2.0,0.32,1,current,7db1056039cd47839b9d3fb297f0d6e9ff29cb8652c6fac8afa4a96febe9feff,8e6844338f73e15122efb5508ac939bc137edd6cadbefd075727a5a24c97e8c5,187,134,115,72,25,1.72,4,1.6,2,1,[2],0.12984233211587803,2.918563912417767,0.00399405284940757,1.1102230246251565e-16,0.0019281606583038265,0.000657033476247722,0.05071472256435933,"[0.7473002732454496, 0.42006124923399774, 0.23961300771199057, 0.4177844983822818, 0.743306220396042]",6.896154823323132,-0.9775909109053647,5.918563912417767,1.1879386363489175e-14
5,2.0,0.32,1,reversed,7ef52e590ad8edd084924949250d55bf8624805259697fe66bb1ebc8bf33607a,b9c73f90927f1a7702b48a5e73d5cbf1214365bd00acbcecca46f4fb7315d51c,187,134,115,72,25,1.72,4,1.6,2,1,[2],0.227987270943437,1.3023363200438864,0.032903564087434445,1.1102230246251565e-16,0.013501208694452496,0.016086402829004046,0.13173916007813674,"[0.6510251259249803, 0.3090073689450708, 0.39636234813988763, 0.30078572614122734, 0.6839286900124147]",6.27680922393633,-4.579145543980216,1.6976636799561136,1.176836406102666e-14
5,2.0,0.32,1,symmetry,7de03206f02d2dfb06ff8fec7ec1c961a0df99468448a5d7bd4645437427ed77,efab82df3ae9f9299d0990e151004f6ecb0a75f5667c774a848c1b6e3f6c585c,187,106,115,72,25,1.72,4,1.6,2,1,[2],0.19522572215647488,0.9834711212538392,3.3306690738754696e-16,1.1102230246251565e-16,0.012602030363361456,0.015187224497913003,0.13704429059783352,"[0.6427419397432202, 0.3386263666656547, 0.4016674786595844, 0.33862636666565454, 0.6427419397432206]",6.36535543093053,-4.348826552184368,2.016528878746161,1.1435297153639112e-14
5,2.0,0.32,2,current,28f1f78f43d6ba2a5e7a1885f2d5d9b1580d130799c28027df576db432f46124,8fce0abdbcb2e9a8f70c342ce15ae5cbd2d944a42e437502fede0d157c893389,373,268,229,144,25,1.72,4,1.6,2,1,[2],0.042568377452356025,0.5752904448386489,0.002161169689746556,1.1102230246251565e-16,0.001000601503215187,0.0015845926313363616,0.011989786449468298,"[0.7436367009705585, 0.3813363131191067, 0.2539498952926916, 0.37917514342936015, 0.7434978711906206]",6.723050038304375,-3.1477595934657274,3.575290444838649,1.7319479184152442e-14
5,2.0,0.32,2,reversed,4b056bdaa03d6ce20fc02ad0f447a88acb2b010a88bba12fcc30259d58264ddb,f6aea3bf3166425d47f6c0e2ca7ee5cce8ec4676267e9d3a9230860146e5617e,373,268,229,144,25,1.72,4,1.6,2,1,[2],0.0460910871301452,0.3400249390922525,0.010336053460854644,1.1102230246251565e-16,0.0014603576994443746,0.004045551833995923,0.02474266976955114,"[0.7208288877498336, 0.3569722637822184, 0.28936585783130203, 0.3495164637822115, 0.7311649412106882]",6.575315699201896,-3.9153406382941487,2.6599750609077475,1.7763568394002505e-14
5,2.0,0.32,2,symmetry,e7157e43b073a17dfed7bba954b41531dc87a8c9744d5929d7afb6fd6103ff90,c2142e093ccb99940251960feda0c8e111c5304b305b2585b4176727240e142e,373,212,229,144,25,1.72,4,1.6,2,1,[2],0.0415574171009981,0.24186765113232545,1.1102230246251565e-16,1.1102230246251565e-16,0.001319104761768151,0.0039042988963196995,0.022954817721913157,"[0.7150399721669347, 0.3598495899086396, 0.28757800578366405, 0.3598495899086397, 0.7150399721669346]",6.564546001055846,-3.8064136521881724,2.7581323488676746,1.865174681370263e-14
5,2.0,0.32,4,current,389a59f817066baefefbbed85d156ddd45136fd02a32fd975ac377f747bf0dd1,495a1a0380964ce3d87e9e0df5d5d4a019d919b5ff9cd004d857e037c784d1c0,745,536,457,288,25,1.72,4,1.6,2,1,[2],0.010920968037374381,0.13604433839391206,0.0006208114776777851,1.1102230246251565e-16,0.0002965232702271188,0.0022886708643244298,0.0029658337659971834,"[0.7361334110919641, 0.3723123604356356, 0.2617707195132591, 0.3716915489579578, 0.7360859444923736]",6.656582876747538,-3.520538538353626,3.136044338393912,4.1744385725905886e-14
5,2.0,0.32,4,reversed,07e54705e82ad8fec35cd78cdb1270025d1cbaf9126a741ae8c37858ec59befa,8623efa9ff8099b86bea9ddfaf9dfaf6629b3c2abefbe81a2f3706bb6dd0bd32,745,536,457,288,25,1.72,4,1.6,2,1,[2],0.011049610135030485,0.08357937618585742,0.0026840712238198616,1.1102230246251565e-16,0.0002987124904569342,0.002883906625008483,0.0057691976447410975,"[0.730496164404238, 0.36639390017571205, 0.270392385706492, 0.3643133782528746, 0.7331802356280579]",6.620444020172255,-3.704023396358111,2.9164206238141426,4.085620730620576e-14
5,2.0,0.32,4,symmetry,712a5565578d77131ae8be479c27a815edb90264c9d5ca3f98eeb04cce25ab39,c36dcb5ed5e24592bac07f2e2a1f25c337f7115b6a7b2da1a41f3a60b50299e2,745,424,457,288,25,1.72,4,1.6,2,1,[2],0.009900228123026315,0.06089162275408988,4.440892098500626e-16,1.1102230246251565e-16,0.0002713699190103982,0.0028565640535619468,0.005108252194230611,"[0.7288815913061436, 0.36689870078601644, 0.2697314402559815, 0.3668987007860168, 0.7288815913061432]",6.615910197405364,-3.676801820159454,2.93910837724591,4.1744385725905886e-14
5,2.0,0.32,8,current,658afb4dbc9664ed87de59a86d6901d44678d14e07c5fed109c15d76d7c4d7c9,a3c3aa0730f53f43ddad72a4d4519d745a0759d60b4da195300a7d684cae92e5,1489,1072,913,576,25,1.72,4,1.6,2,1,[2],0.0027426811767383456,0.03353735632589272,0.00015958894026391057,1.1102230246251565e-16,7.729293568367688e-05,0.0025079011988678717,0.000753608471391054,"[0.733948024964658, 0.3700856391874322, 0.2638996385459169, 0.3699260502471683, 0.733935119882528]",6.639065890492786,-3.6055285341668935,3.0335373563258927,8.337774914934926e-14
5,2.0,0.32,8,reversed,4596bbc2628c8f50743ea91e23768c952ebe66090397b3bd60f067f71b9ecdff,0e2dbe8365b664a17674bfc2e05c6e186abe88172a277128071a1a6a50c2127b,1489,1072,913,576,25,1.72,4,1.6,2,1,[2],0.002732462059643557,0.020771993516237153,0.0006764989124838916,1.1102230246251565e-16,7.113602464230021e-05,0.002656330159193849,0.001417868725252458,"[0.7325433273492007, 0.3686170327546092, 0.26604105678700335, 0.36808486763498754, 0.7332198262616846]",6.630087039013275,-3.650859032529512,2.979228006483763,8.459899447643693e-14
5,2.0,0.32,8,symmetry,afb6890e24bfb95105f93e3190a13a5bce5139f96441bbdb074b74e55f83a6e7,b0cedf69c912283123b53419d08ec81823ffe1bcb10c958901261a933e6fa5ee,1489,848,913,576,25,1.72,4,1.6,2,1,[2],0.0024439949536312422,0.015255898128025525,5.551115123125783e-17,1.1102230246251565e-16,6.472700770173432e-05,0.002649921142253283,0.0012390529929426908,"[0.7321297403995289, 0.36873067258441616, 0.2658622410546936, 0.3687306725844161, 0.7321297403995289]",6.628842222477282,-3.6440981206053062,2.9847441018719745,8.237854842718662e-14
6,1.0,0.16,1,current,1fbe10dc24bec993c5f45a17694be37502c49b199e4f60447ac707936ced575e,6ede0afa30df0e4ff8b5c823694e621483512b9a1c51f2e44bbd812470c5899a,236,170,144,92,31,1.7419354838709677,5,1.6666666666666667,2,1,"[2, 3]",0.0036611224931100174,0.03256362158981929,0.0009087460385520663,2.7755575615628914e-17,0.0032718957265422954,0.7324202236332323,0.001568232055578725,"[0.09799333612960552, 0.025504843031236523, 0.9738372914559541, 0.9747460374945062, 0.02536984345514597, 0.09799832717347998]",5.084548797684906,-0.5519851760950869,4.532563621589819,1.0547118733938987e-14
6,1.0,0.16,1,reversed,101d4887fb5451d8f85a6736c3977243a71527b37ef17fce4d2f9f3760ecc884,a5b8238f1a500970b8606dd85b59692a1e44c2a8a4a6c7e0d1fc89404e0aaa92,236,170,144,92,31,1.7419354838709677,5,1.6666666666666667,2,1,"[2, 3]",0.007427226593539206,0.022893480869703886,0.0008772339805555029,2.7755575615628914e-17,0.007012099935129412,0.742704219294904,0.003513927740424874,"[0.0929161673774764, 0.0245403480662868, 0.9751148921761345, 0.974237658195579, 0.02467245172768204, 0.09292461508164038]",5.052868221336391,-0.5757617022060946,4.477106519130296,1.2323475573339238e-14
6,1.0,0.16,1,symmetry,cb0e0f1fa20db01ea3dcd8362f314c9e729e41b67ba76a3460465e475b890e2c,c3499d063d528f80a5af89f0cd5ad1326c2f317980b49bae25d3b7ea5619aeaf,236,120,144,92,31,1.7419354838709677,5,1.6666666666666667,2,1,"[2, 3]",0.005861657858737925,0.015071948816443026,1.1102230246251565e-16,2.7755575615628914e-17,0.005825656072397711,0.7415177754321723,0.002445062365917086,"[0.0939850327519842, 0.024684743542448057, 0.9751505251944681, 0.9751505251944682, 0.024684743542448026, 0.0939850327519842]",5.060980378668893,-0.5760523274853362,4.484928051183557,1.0880185641326534e-14
6,1.0,0.16,2,current,e2f4831007a14b0819d73bacc662447fca4b4fe2d0dcffa8e3ef52e0db6784f8,c2ec8ae6d8dba13ad835889fca1e9d7b6c827e72707098c515ff93ad6323ce6a,470,340,286,184,31,1.7419354838709677,5,1.6666666666666667,2,1,"[2, 3]",0.000929601199827517,0.00802744501394681,0.00022598516106020483,2.7755575615628914e-17,0.0008357320999902162,0.7348563872597844,0.00039832592565479386,"[0.09682753401445002, 0.025218052878448735, 0.9742728319090261, 0.9744988170700863, 0.02518477917964754, 0.09682842104355605]",5.077102965379928,-0.5690755203659806,4.508027445013947,2.6423307986078726e-14
6,1.0,0.16,2,reversed,c1ae0d83bb22f41d13a79204abf59e4e75d072e01ced7ac12b8803bedcec5027,c9e8c8bc5b1b9fd89b60e3438f188e2a03b0de618d535f91a15a77f4b726d942,470,340,286,184,31,1.7419354838709677,5,1.6666666666666667,2,1,"[2, 3]",0.0018454912033964762,0.005759921295777737,0.00022182434704887122,2.7755575615628914e-17,0.0017419538942722301,0.7374340732540469,0.0008707743146741526,"[0.09555932080322713, 0.0249754802486281, 0.9745966162637516, 0.9743747919167027, 0.025007049524513054, 0.09556203872946938]",5.069197839712414,-0.5749577610081917,4.494240078704222,2.7755575615628914e-14
6,1.0,0.16,2,symmetry,302364aab0579f22f481dd0d89495c70bea3f9c10a5680abd4f61cb66e756c82,fc955ef25d026007dc4c3d1808f55d4d077e2c3cc2c6cea3b3b9c33e74820591,470,240,286,184,31,1.7419354838709677,5,1.6666666666666667,2,1,"[2, 3]",0.0014608730446417255,0.0037408065020665404,1.1102230246251565e-16,2.7755575615628914e-17,0.0014529144111657954,0.7371450337709404,0.0006062212255207033,"[0.09582387389238058, 0.02501134602111737, 0.974610692632834, 0.9746106926328341, 0.025011346021117313, 0.09582387389238059]",5.0712390316690845,-0.5749798381711517,4.4962591934979335,2.6978419498391304e-14
6,1.0,0.16,4,current,576e8028ce40cc8ad8dda193170dd29d289192b591208112295572b5e861c1f8,3bd1f6bcce12f76710777324a133f7bfa527545a15671cf2642b56091e73b80e,938,680,570,368,31,1.7419354838709677,5,1.6666666666666667,2,1,"[2, 3]",0.0002332495198949319,0.0019997157394273657,5.641600298034177e-05,2.7755575615628914e-17,0.00020999027105539358,0.7354821290887192,9.995162731474272e-05,"[0.09652984807132105, 0.025146082175596406, 0.9743826092893078, 0.9744390252922881, 0.025137791623340386, 0.096530046745216]",5.0752107920097025,-0.5732110762702736,4.501999715739427,5.340172748447003e-14
6,1.0,0.16,4,reversed,db32f22fee58189682a01514512acea0b65502ea6c47e63852e1f282a39f9c06,787538326b438dfb729566cc7639e213b12092b59b891820d1ebe16643a5b0f6,938,680,570,368,31,1.7419354838709677,5,1.6666666666666667,2,1,"[2, 3]",0.0004606349415935523,0.001442135912835596,5.560973483542675e-05,2.7755575615628914e-17,0.00043476965113475874,0.7361268890109094,0.0002171996594140524,"[0.09621289545848723, 0.02508535096715397, 0.974463815523653, 0.9744082057888176, 0.025093156396489593, 0.09621361314782495]",5.073235643124375,-0.5746777790372085,4.498557864087164,4.973799150320701e-14
6,1.0,0.16,4,symmetry,f4e245625c6319df4a69723af9b3f91bc8cdfe18f286d1d591b9832f851212d6,4d16f704293bc2cadbd19d55544c76523144d07c84925ff3921abd21f42fd8cd,938,480,570,368,31,1.7419354838709677,5,1.6666666666666667,2,1,"[2, 3]",0.00036491382609543774,0.0009335090410989011,3.469446951953614e-17,2.7755575615628914e-17,0.0003629894932362099,0.7360551088530108,0.0001512396132996724,"[0.09627885550460161, 0.025094299243634, 0.9744676422995461, 0.9744676422995461, 0.025094299243634034, 0.0962788555046016]",5.073746597738961,-0.5746801067800604,4.499066490958901,5.062616992290714e-14
6,1.0,0.16,8,current,02c563340dfdc3f212d2dd1f8351a4941852ffce7572db0520a93becde181d86,039352ffb2612cbbc8342eab1ae63014ac3708cd1631a45e8ff1320759a47539,1874,1360,1138,736,31,1.7419354838709677,5,1.6666666666666667,2,1,"[2, 3]",5.836475240057922e-05,0.000499481517942435,1.4098906146009504e-05,2.7755575615628914e-17,5.256283917076665e-05,0.7356395565206039,2.5010709444245327e-05,"[0.09645505760879135, 0.025128073346914134, 0.9744101028775719, 0.9744242017837179, 0.02512600242268632, 0.0964551058273455]",5.074735950305824,-0.5742364687878809,4.500499481517942,1.262323578998803e-13
6,1.0,0.16,8,reversed,77eb37f4b0d2d4df0474fed9267e9ee1e84027d75fb730bd0c9fecf99efb5dca,a66865f334de3105e62dce41114d47a835d0d7695182eb459888e7789c16f501,1874,1360,1138,736,31,1.7419354838709677,5,1.6666666666666667,2,1,"[2, 3]",0.00011511216430612794,0.0003606665542692511,1.3911981436409704e-05,2.7755575615628914e-17,0.00010864708791347155,0.7358007664476881,5.4268862952983055e-05,"[0.0963758262549483, 0.025112885080308612, 0.9744304204884888, 0.9744165085070524, 0.02511483107158695, 0.09637600806935204]",5.0742422368197,-0.5746029033739699,4.499639333445731,1.2945200467129325e-13
6,1.0,0.16,8,symmetry,5b1fe47deb64b4b8cb3e398be0cda26dc71a0192243b5e5cb18507c58913590d,ff106820380c3718864bb11aa32cefd1690ede496465559ade8f7f638e9adbb2,1874,960,1138,736,31,1.7419354838709677,5,1.6666666666666667,2,1,"[2, 3]",9.12091135857084e-05,0.00023327163875386248,2.220446049250313e-16,2.7755575615628914e-17,9.073211550125748e-05,0.7357828514752759,3.779016765632914e-05,"[0.09639230495024499, 0.025115120960257933, 0.9744313961701662, 0.9744313961701664, 0.02511512096025798, 0.09639230495024492]",5.0743700139736445,-0.5746032856123968,4.499766728361246,1.326716514427062e-13
6,2.0,0.32,1,current,7f292fc9eda491bb36824d85539f11e45f234ad639410acdd00dc97b09bcc98a,6ede0afa30df0e4ff8b5c823694e621483512b9a1c51f2e44bbd812470c5899a,236,170,144,92,31,1.7419354838709677,5,1.6666666666666667,2,1,"[2, 3]",0.14012235403371398,3.7569548352926176,0.07462027203555766,1.1102230246251565e-16,0.003890692536487484,0.000540893805581203,0.05970282965684448,"[0.7774670264327179, 0.347869992512166, 0.5953892990975935, 0.6700095711331512, 0.3204817326153936, 0.7869785520155629]",8.72762310151527,-0.4706682662226544,8.256954835292618,1.5210055437364645e-14
6,2.0,0.32,1,reversed,c7bbe656f31c140e26de30776d4d264b6e7b925f706bad3ee75f679df616bc1b,a5b8238f1a500970b8606dd85b59692a1e44c2a8a4a6c7e0d1fc89404e0aaa92,236,170,144,92,31,1.7419354838709677,5,1.6666666666666667,2,1,"[2, 3]",0.19058316554091737,1.8143717735693183,0.06587853411436217,1.1102230246251565e-16,0.013096509501500035,0.017528095843568722,0.08426499976559809,"[0.6717491937958184, 0.25201541743947625, 0.6885857147246681, 0.6227071806103059, 0.26894102376345075, 0.6839286900124113]",7.955448319515079,-5.269820093084398,2.6856282264306817,1.6542323066914832e-14
6,2.0,0.32,1,symmetry,fb17e6e0c3ae184533321f1d4ef4a80c34180798514b3d9b3a4252a8064bb4c4,c3499d063d528f80a5af89f0cd5ad1326c2f317980b49bae25d3b7ea5619aeaf,236,120,144,92,31,1.7419354838709677,5,1.6666666666666667,2,1,"[2, 3]",0.17610088954033817,1.7836817434241423,1.1102230246251565e-16,1.1102230246251565e-16,0.01214037842806915,0.016571964770137837,0.09378540598950091,"[0.6622287875719157, 0.2641516983810881, 0.7032429578073424, 0.7032429578073423, 0.26415169838108804, 0.6622287875719156]",8.14193640093569,-5.425618144359833,2.7163182565758577,1.4988010832439613e-14
6,2.0,0.32,2,current,cd108994e2ed1c28cd7a50bf9c067ead87dde3b9b8f2b4faef3bacf46ec0105c,c2ec8ae6d8dba13ad835889fca1e9d7b6c827e72707098c515ff93ad6323ce6a,470,340,286,184,31,1.7419354838709677,5,1.6666666666666667,2,1,"[2, 3]",0.04471863372573009,0.7930741437931328,0.018176749542000104,1.1102230246251565e-16,0.0018314273966062665,0.0026001589454624206,0.015097214690070415,"[0.7683000973128683, 0.3032643775453919, 0.629380396332995, 0.6475571458749951, 0.296924805704939, 0.770070748866345]",8.52332900942881,-3.230254865635678,5.293074143793133,2.0872192862952943e-14
6,2.0,0.32,2,reversed,2e72fab526bb8e00c1d54ff2712220d95f4e4726f4501f83079870df02477863,c9e8c8bc5b1b9fd89b60e3438f188e2a03b0de618d535f91a15a77f4b726d942,470,340,286,184,31,1.7419354838709677,5,1.6666666666666667,2,1,"[2, 3]",0.0393560035516233,0.41993679506685133,0.014664057655837892,1.1102230246251565e-16,0.0019744637080619486,0.006406050050130636,0.014697228010351782,"[0.7413169655510647, 0.280123783427602, 0.6536351630133632, 0.6389711053575253, 0.2815821235415795, 0.7454653117841431]",8.337418876136134,-4.257355671202985,4.080063204933149,2.1760371282653068e-14
6,2.0,0.32,2,symmetry,74fc1e1f7b91df0925bd209d550fff409c999ee7ffc842fa34601503f527756d,fc955ef25d026007dc4c3d1808f55d4d077e2c3cc2c6cea3b3b9c33e74820591,470,240,286,184,31,1.7419354838709677,5,1.6666666666666667,2,1,"[2, 3]",0.03879181883128248,0.34899418009927263,4.440892098500626e-16,1.1102230246251565e-16,0.0018238551397619868,0.006255441481830674,0.018901311387766517,"[0.7371128821736505, 0.2815008456173616, 0.6612232878618743, 0.6612232878618743, 0.2815008456173615, 0.73711288217365]",8.382213791977017,-4.231207972076288,4.151005819900727,2.19824158875781e-14
6,2.0,0.32,4,current,bd014287964af6f6e1d57f0fe2d5dc1726256b40ecc8ab0bd5005f1bec88135b,3bd1f6bcce12f76710777324a133f7bfa527545a15671cf2642b56091e73b80e,938,680,570,368,31,1.7419354838709677,5,1.6666666666666667,2,1,"[2, 3]",0.011492528133487584,0.188613696971637,0.0045089290276713045,1.1102230246251565e-16,0.0005285889348761088,0.0039029974071925783,0.0037951852097879435,"[0.7593967623177467, 0.2919110890990513, 0.6396127628588207, 0.644121691886492, 0.2903468685317142, 0.7598093787712045]",8.444357109325138,-3.7557434123534983,4.688613696971637,5.1514348342607263e-14
6,2.0,0.32,4,reversed,c0eb1adba3545de12806de81486a42cfb6cd721a7416f48ba92e05ff588b26c6,787538326b438dfb729566cc7639e213b12092b59b891820d1ebe16643a5b0f6,938,680,570,368,31,1.7419354838709677,5,1.6666666666666667,2,1,"[2, 3]",0.009321451409641173,0.1010357718220769,0.003562449089543396,1.1102230246251565e-16,0.00043191651406938435,0.0048635028561380715,0.003332466279333035,"[0.7526817272820835, 0.28622035578071037, 0.6456982358983702, 0.6421357868088268, 0.28648453994812406, 0.7537342809228295]",8.398943900434054,-3.999979672256131,4.398964228177923,5.1958437552457326e-14
6,2.0,0.32,4,symmetry,ea83c31ff9556ca4a96be142f01278c1009bf0e36a38a6c4d1f089176b7ce2d5,4d16f704293bc2cadbd19d55544c76523144d07c84925ff3921abd21f42fd8cd,938,480,570,368,31,1.7419354838709677,5,1.6666666666666667,2,1,"[2, 3]",0.009373411730382942,0.0825979724828878,5.551115123125783e-16,1.1102230246251565e-16,0.0004021303866388959,0.004833716728707583,0.004555400048177227,"[0.7515260866489596, 0.286447166973117, 0.6476847766950189, 0.6476847766950187, 0.2864471669731169, 0.7515260866489601]",8.409239903413411,-3.991837875896301,4.417402027517112,5.1514348342607263e-14
6,2.0,0.32,8,current,4e1ccd3514fbe0e27cbaf4e8babae47ba3226254e65cea0a4c602cbad7927c48,039352ffb2612cbbc8342eab1ae63014ac3708cd1631a45e8ff1320759a47539,1874,1360,1138,736,31,1.7419354838709677,5,1.6666666666666667,2,1,"[2, 3]",0.0028890196111675077,0.046578170597946666,0.001124959705142481,1.1102230246251565e-16,0.0001367879417203217,0.004294798400348365,0.0009648604838288222,"[0.7568777712392988, 0.28910075470740915, 0.6422461034216194, 0.6433710631267618, 0.28871111101299546, 0.7569790540452453]",8.42370241938259,-3.8771242487846433,4.546578170597947,1.0591527654923993e-13
6,2.0,0.32,8,reversed,6731882bfb8566ee4084b785c9555d57a2b816e3b25830c630a2b9770a443ee9,a66865f334de3105e62dce41114d47a835d0d7695182eb459888e7789c16f501,1874,1360,1138,736,31,1.7419354838709677,5,1.6666666666666667,2,1,"[2, 3]",0.002298519269023077,0.02501506767552808,0.0008838653133117491,1.1102230246251565e-16,0.00010446141187458059,0.004536047753943268,0.0008129802771964512,"[0.7552012132842201, 0.2876843827149173, 0.6437672017323575, 0.6428833364190457, 0.28774471887452546, 0.7554649182528607]",8.412412197081498,-3.937427264757025,4.474984932324472,1.0091927293842673e-13
6,2.0,0.32,8,symmetry,2196bda677e4f62b0533660cbd66a436c277cefb96c12937e19980446a80d5f4,ff106820380c3718864bb11aa32cefd1690ede496465559ade8f7f638e9adbb2,1874,960,1138,736,31,1.7419354838709677,5,1.6666666666666667,2,1,"[2, 3]",0.002322458476564923,0.020381988597671707,3.3306690738754696e-16,1.1102230246251565e-16,9.74629760092955e-05,0.004529049318077983,0.001139212558248448,"[0.7549064602097526, 0.2877337822754726, 0.6442685892050901, 0.6442685892050899, 0.2877337822754727, 0.7549064602097529]",8.414930279670086,-3.935312268267758,4.479618011402328,1.0513812043200232e-13
7,1.0,0.16,1,current,332b66f5617669d6bf5be945146c736986c09e22838e26e6e182c69d0089664a,035b69550ac1b92dc8ed09c1c7c69b8bf88dfd7e29b293a3d271b866fbc00546,283,206,171,112,37,1.7567567567567568,6,1.7142857142857142,2,1,[3],0.005548906807151505,0.05917404086126643,0.0008956185788056431,1.3877787807814457e-17,0.005127449691293862,0.5620501664300869,0.002594508960344827,"[0.09531464936639922, 0.09608392729764537, 0.027137901250520402, 0.9036933579444867, 0.02624228267171476, 0.09658911206602054, 0.09529551300701773]",3.942740981583489,-0.8835669407222226,3.0591740408612664,1.4876988529977098e-14
7,1.0,0.16,1,reversed,3a7be9955eee367aa05b0b7cb7b22c7ced5506d12c472b19e03317f016ab2e55,0087748648a4f855caa51c0ab5eb46426fb1f6dbce7bd1b71fc81102ea420ac2,283,206,171,112,37,1.7567567567567568,6,1.7142857142857142,2,1,[3],0.014278388268892953,0.043174209007383446,0.0008315583625614423,1.3877787807814457e-17,0.013819549031494627,0.5809971651528754,0.0049871094837194985,"[0.09163529881687556, 0.08946765988595715, 0.025810121729228218, 0.9091268770780342, 0.02664168009178966, 0.08900749362195622, 0.09162638483309786]",3.892867371359311,-0.9360415803666938,2.9568257909926166,1.6986412276764895e-14
7,1.0,0.16,1,symmetry,0aae7694263cbf1e56ef18024ff4c79c9db6e25dbb6ebad8ecd35f2589980405,4288b09801aa15c08bfad8d7b7bdf8945e317cd8f3c001b3686bcaef99bde1c3,283,144,171,112,37,1.7567567567567568,6,1.7142857142857142,2,1,[3],0.009160101556976991,0.028562251579672626,1.6653345369377348e-16,1.3877787807814457e-17,0.009127628664342025,0.5763052447857228,0.0031224196646263414,"[0.09228447955730909, 0.09180630480908511, 0.025823604552193843, 0.9081076458407411, 0.02582360455219386, 0.09180630480908494, 0.09228447955730894]",3.9081274382893203,-0.9366896898689934,2.9714377484203274,1.3211653993039363e-14
7,1.0,0.16,2,current,5939a534ad9b7a90e705aaa7eb976b628ffeae3e447975353349fd7633ba8f31,068c092912efb5ce8aac3de595ecc29d58525f1c9085159b7e774cac35d03034,565,412,341,224,37,1.7567567567567568,6,1.7142857142857142,2,1,[3],0.0014293725066543707,0.014599884093911442,0.00022259648063875995,1.3877787807814457e-17,0.0013253662565745339,0.5658522498648062,0.0006568674151331833,"[0.09481409452660569, 0.09452675427860911, 0.02668983403768616, 0.9046618409562548, 0.0264672375570474, 0.0946514705208089, 0.09481059768883607]",3.9318700980731722,-0.9172702139792599,3.0145998840939114,3.419486915845482e-14
7,1.0,0.16,2,reversed,0b008847fb60627ba34dca08dc9f2358ea7d046ba2fba6a1a58ffa6426f14764,ab8992d0a8fae28c4dcad5410c69b85b1e1c32d5d2f3fce101488fffb054228d,565,412,341,224,37,1.7567567567567568,6,1.7142857142857142,2,1,[3],0.003502019635141192,0.010905981280579624,0.0002111833692785628,1.3877787807814457e-17,0.0033882370339570755,0.5705658531553378,0.0012393353447322508,"[0.09389792397174694, 0.0928725103606724, 0.026359168418031355, 0.9060059017780744, 0.026570351787309918, 0.09275526776094346, 0.09389498232127505]",3.9193971608159948,-0.9303031420965754,2.9890940187194204,3.0309088572266774e-14
7,1.0,0.16,2,symmetry,edc6fed57e8eaefdb88944d3428805ca3461dafee7ca32fe15380dc65ad46bbd,45f041e1e3b592dd6d805d6bcb77fed0f0c441bd9ee14cd36664b6c7c6865d46,565,288,341,224,37,1.7567567567567568,6,1.7142857142857142,2,1,[3],0.002246459059997855,0.007183666000090128,1.6653345369377348e-16,1.3877787807814457e-17,0.0022389620008121947,0.5694165781221929,0.0007603773752956622,"[0.09404728953551654, 0.09345384311761408, 0.02636205530435234, 0.9057456035514104, 0.0263620553043523, 0.09345384311761391, 0.09404728953551655]",3.923116607733969,-0.9303002737340597,2.99281633399991,3.064215547965432e-14
7,1.0,0.16,4,current,5bba1b2ecdc3e40747412bc220d717ac345d0d132d68d342678d6c575dac06da,f1b19073fbe7622b29969cdb95ac3f758b741a7b898eacaa33a5fee408d57341,1129,824,681,448,37,1.7567567567567568,6,1.7142857142857142,2,1,[3],0.00035984848913315365,0.0036372070067316464,5.5561048306718847e-05,1.3877787807814457e-17,0.00033393277549831346,0.5668436833458824,0.00016467792435956308,"[0.09467475725176382, 0.09412821073193132, 0.026583806380393166, 0.9049043623287921, 0.026528245332086448, 0.09415928103003528, 0.09467396254650609]",3.929052051802796,-0.9254148447960641,3.0036372070067316,5.784261958297066e-14
7,1.0,0.16,4,reversed,ecef40a5ab27625eddaa088bf0e64ff1ba3b432911799dd87cfc39750bac49a4,651478d4ba544a3ecfbf0a6d466afd1a2e5b4ee72a246f2dd0fe274a7c0aaa31,1129,824,681,448,37,1.7567567567567568,6,1.7142857142857142,2,1,[3],0.0008713121435328391,0.0027325923713634737,5.299310588188777e-05,1.3877787807814457e-17,0.0008429273990150365,0.5680205435203958,0.00030934284018180325,"[0.09444597108794832, 0.09371470659743823, 0.026501221398916117, 0.9052394891155653, 0.026554214504798005, 0.09368526026549391, 0.09444518685992816]",3.9259340900456885,-0.9286666824170529,2.9972674076286365,5.6621374255882984e-14
7,1.0,0.16,4,symmetry,191f32a55c1eedf9f2b3da1775a747ef4d4b7b045ca54abd96312a3fd001f38d,518a52c8437dca79f11ff77503cf7e4c612c57a16ca8470f3b7941e2a6e30265,1129,576,681,448,37,1.7567567567567568,6,1.7142857142857142,2,1,[3],0.0005589088398323881,0.0017986541012877666,1.249000902703301e-16,1.3877787807814457e-17,0.0005570759098912914,0.567734692031272,0.0001888266735263766,"[0.09448250526721255, 0.09385980570039203, 0.026501912928368135, 0.9051740528496411, 0.026501912928368215, 0.09385980570039205, 0.09448250526721268]",3.9268578045740354,-0.9286564586753239,2.9982013458987122,5.81756864903582e-14
7,1.0,0.16,8,current,d123f00483f5750b840f5aeed6acaedb73d79c217c2f73b3f7c49a12af5fe570,08fd1a1ba8d8dc0f096c42ef63888cff4c97b7d911ded9c19ae1d470580096e1,2257,1648,1361,896,37,1.7567567567567568,6,1.7142857142857142,2,1,[3],9.011672766246941e-05,0.0009084948083022404,1.3884664214727088e-05,1.3877787807814457e-17,8.364318055886777e-05,0.5670939729408219,4.119748336396667e-05,"[0.09463906539184644, 0.09402803995757919, 0.02655766707816166, 0.9049650092624887, 0.026543782413946934, 0.09403580058903968, 0.09463887166727664]",3.9283416440467547,-0.927433149238453,3.0009084948083022,1.5132339825640884e-13
7,1.0,0.16,8,reversed,d62d65c3e0a4ebab6695bb84b33f615264c85892489310a0c55cdd28d0ff641f,3b764d0726af87d2af3a817e9eb2baae512de790261ff06d88a01b9efa444929,2257,1648,1361,896,37,1.7567567567567568,6,1.7142857142857142,2,1,[3],0.00021756652108548778,0.0006835154344555505,1.3260473338355672e-05,1.3877787807814457e-17,0.00021047418489639202,0.5673880903062771,7.730464981273166e-05,"[0.09458188528687593, 0.09392466849397631, 0.026537025945141467, 0.9050487355178645, 0.026550286418479823, 0.09391729845586298, 0.09458168611241324]",3.927562178891712,-0.9282456943261664,2.9993164845655444,1.5565326805244695e-13
7,1.0,0.16,8,symmetry,6ae44aebc689760bc315777aaaa85f991bec389fb200fff6f8fc399d75dfff26,dcb4b13ce0a93280fd2c89a722365dc916b096934c109803f6ce6aef286b453b,2257,1152,1361,896,37,1.7567567567567568,6,1.7142857142857142,2,1,[3],0.00013955836279160348,0.00044983517058128086,4.0245584642661925e-16,1.3877787807814457e-17,0.0001391027519778154,0.5673167188733585,4.712740237644564e-05,"[0.09459096841552789, 0.09396092826127249, 0.026537196945023385, 0.9050323535784912, 0.026537196945023208, 0.0939609282612727, 0.09459096841552829]",3.9277927209710213,-0.928242556141603,2.9995501648294187,1.5520917884259688e-13
7,2.0,0.32,1,current,9f45385bb2c3c03bdfef9e696e5158f2ce7b6cbc86b8d6fa50f8ff81021d4a93,035b69550ac1b92dc8ed09c1c7c69b8bf88dfd7e29b293a3d271b866fbc00546,283,206,171,112,37,1.7567567567567568,6,1.7142857142857142,2,1,[3],0.21780275631197862,5.370996101683275,0.06323525287249648,1.1102230246251565e-16,0.0015254380040629926,8.612381553522396e-06,0.09519141675998499,"[0.6688636850866728, 0.5799816946482699, 0.457094288393736, 0.23707938378157964, 0.3938590355212395, 0.6336109880828545, 0.64643696949455]",9.323596036264624,-0.9525999345813466,8.370996101683275,1.7985612998927536e-14
7,2.0,0.32,1,reversed,e57eeb6e44fb9e2ef322756e0fe52f51c05334422e77dfbf11a73a475241ddc0,0087748648a4f855caa51c0ab5eb46426fb1f6dbce7bd1b71fc81102ea420ac2,283,206,171,112,37,1.7567567567567568,6,1.7142857142857142,2,1,[3],0.23823843406933526,3.1672920961323654,0.018484280050933055,1.1102230246251565e-16,0.006413316985563121,0.007947367371179636,0.1345468047498365,"[0.6030494783357356, 0.440942170447163, 0.36321230577569585, 0.40303059763481786, 0.37237438189033994, 0.4305109988283403, 0.5845651982848026]",8.280210362193943,-8.44750245832631,-0.16729209613236537,1.8540724511240114e-14
7,2.0,0.32,1,symmetry,6bc46df00e9f0214886d6459ba650c31ebbe5629495e25139606ca1428c88981,4288b09801aa15c08bfad8d7b7bdf8945e317cd8f3c001b3686bcaef99bde1c3,283,144,171,112,37,1.7567567567567568,6,1.7142857142857142,2,1,[3],0.24297633478969421,2.2411270322411885,2.220446049250313e-16,1.1102230246251565e-16,0.011896639672535186,0.0134306900581517,0.13518446616344348,"[0.515011762009821, 0.42454158543836873, 0.3726963721226965, 0.40366825904842485, 0.37269637212269663, 0.42454158543836873, 0.5150117620098212]",7.963924191313798,-7.205051223554988,0.7588729677588116,1.8540724511240114e-14
7,2.0,0.32,2,current,4903a865e758b557eb081c62c8665e6e6231d0ad1ab82458a768295c0351a345,068c092912efb5ce8aac3de595ecc29d58525f1c9085159b7e774cac35d03034,565,412,341,224,37,1.7567567567567568,6,1.7142857142857142,2,1,[3],0.06720690349602126,1.020286523649597,0.015818056356864896,1.1102230246251565e-16,0.0009288405937167534,0.0006052097918997616,0.02927723608097066,"[0.6382292146870513, 0.5563051030645805, 0.4174100995573564, 0.25824409721649394, 0.4015920432004915, 0.5676968074038402, 0.6331762074829326]",8.952986462239704,-4.932699938590106,4.020286523649597,2.808864252301646e-14
7,2.0,0.32,2,reversed,d9390484d2bff6638fc923ce31b61f3573de0758c17050ab220a3379d5319b67,ab8992d0a8fae28c4dcad5410c69b85b1e1c32d5d2f3fce101488fffb054228d,565,412,341,224,37,1.7567567567567568,6,1.7142857142857142,2,1,[3],0.0475193448780613,0.6204044595159215,0.006872469672543624,1.1102230246251565e-16,0.00042824837281538034,0.0019622987584318953,0.025285706564592392,"[0.6221973683973522, 0.5201923091320032, 0.40052871653312877, 0.29376949944957376, 0.39927148302847415, 0.5201851180073022, 0.6153248987248086]",8.711379167825584,-6.331783627341505,2.3795955404840785,2.653433028854124e-14
7,2.0,0.32,2,symmetry,d4864b95e0e29bf56e8de6557452dbeb164cf83fb2845ecf3521138d872f7970,45f041e1e3b592dd6d805d6bcb77fed0f0c441bd9ee14cd36664b6c7c6865d46,565,288,341,224,37,1.7567567567567568,6,1.7142857142857142,2,1,[3],0.05395744277682103,0.5569606351453795,4.440892098500626e-16,1.1102230246251565e-16,0.00113352478552402,0.002667575171140535,0.024436221429160576,"[0.59724232829019, 0.5139833498937091, 0.3966267934773806, 0.2917543031183275, 0.3966267934773807, 0.513983349893709, 0.5972423282901904]",8.578917983318014,-6.1358786184633916,2.4430393648546205,2.864375403532904e-14
7,2.0,0.32,4,current,bd0016900c07b55d874b361db667e83cde528a2708095218eed39416a6976aae,f1b19073fbe7622b29969cdb95ac3f758b741a7b898eacaa33a5fee408d57341,1129,824,681,448,37,1.7567567567567568,6,1.7142857142857142,2,1,[3],0.0169138707743519,0.2404135887992318,0.003986308492168467,1.1102230246251565e-16,0.00028316493750747836,0.0012508854481090366,0.007412027412670219,"[0.6237440354583149, 0.5431627802545218, 0.40900347753118155, 0.26590883420009187, 0.4050171690390131, 0.5458315987355398, 0.6224495736606034]",8.804564488320942,-5.56415089952171,3.240413588799232,6.372680161348399e-14
7,2.0,0.32,4,reversed,cf017190e2be29880a5a7eb9b42ca38d4d3ab16e7109ab8c91ded13f7e108172,651478d4ba544a3ecfbf0a6d466afd1a2e5b4ee72a246f2dd0fe274a7c0aaa31,1129,824,681,448,37,1.7567567567567568,6,1.7142857142857142,2,1,[3],0.0113122977894159,0.1472443443962872,0.0018192551770943588,1.1102230246251565e-16,7.954000060690636e-05,0.0016135903862234213,0.005827681214175207,"[0.6197252090232296, 0.5341626035150222, 0.4051338927546173, 0.27431147409915657, 0.404606322144955, 0.5343141701287143, 0.6179059538461352]",8.745533498704633,-5.89277784310092,2.852755655603713,6.261657858885883e-14
7,2.0,0.32,4,symmetry,53a5036c82554fda5d4b080908b0671d8bf8246c3d766ef779e60328c8475ab0,518a52c8437dca79f11ff77503cf7e4c612c57a16ca8470f3b7941e2a6e30265,1129,576,681,448,37,1.7567567567567568,6,1.7142857142857142,2,1,[3],0.013054077876641885,0.13917659801739113,3.3306690738754696e-16,1.1102230246251565e-16,0.0002277109600995128,0.0017617613457160278,0.005857333793502062,"[0.613467165687429, 0.5325622375293678, 0.4038658326746583, 0.2736929459198382, 0.4038658326746583, 0.5325622375293675, 0.6134671656874292]",8.710876857884854,-5.850053455902246,2.860823401982609,5.972999872483342e-14
7,2.0,0.32,8,current,8307b5be7e8f7e7ae3aa57e628f8e9815f7778e28a159fa47ceb7f4e14d7e8f6,08fd1a1ba8d8dc0f096c42ef63888cff4c97b7d911ded9c19ae1d470580096e1,2257,1648,1361,896,37,1.7567567567567568,6,1.7142857142857142,2,1,[3],0.004228414948056277,0.05919362328309985,0.0009984737215832373,1.1102230246251565e-16,7.412033145363082e-05,0.0014599300541628842,0.0018562138242406157,"[0.6198454690472847, 0.5396200993480439, 0.40698118892280655, 0.26783956053857166, 0.4059827152012233, 0.5402757851471102, 0.6195194118633974]",8.76584414646971,-5.706650523186613,3.0591936232831,1.2634338020234281e-13
7,2.0,0.32,8,reversed,285709f6dfe36f367814b940571eb693e6d6edf934397533f2f9d1ceb747ab96,3b764d0726af87d2af3a817e9eb2baae512de790261ff06d88a01b9efa444929,2257,1648,1361,896,37,1.7567567567567568,6,1.7142857142857142,2,1,[3],0.0028028872226163867,0.03630170030041624,0.00046051621261922193,1.1102230246251565e-16,1.8516809245057138e-05,0.0015525671948615721,0.0014281659675787206,"[0.6188402448086403, 0.5373735417696117, 0.40603548435000325, 0.2699119588525601, 0.4058904801710782, 0.5374207945009563, 0.6183797285960211]",8.751183401092028,-5.787485101392443,2.9636982996995838,1.2456702336294256e-13
7,2.0,0.32,8,symmetry,780ba8af73c5071d43da01bb87f3bd6f81fbb3421f297c0e8bcef7f975762e53,dcb4b13ce0a93280fd2c89a722365dc916b096934c109803f6ce6aef286b453b,2257,1152,1361,896,37,1.7567567567567568,6,1.7142857142857142,2,1,[3],0.0032348218689317683,0.034782678716438475,1.1102230246251565e-16,1.1102230246251565e-16,5.399588856827e-05,0.001588046274184785,0.0014484217830199597,"[0.6172760801750402, 0.5369711495398497, 0.4057010614628865, 0.2697493136330625, 0.40570106146288637, 0.5369711495398497, 0.6172760801750401]",8.742436617740692,-5.7772192964571305,2.9652173212835615,1.2390088954816747e-13
8,1.0,0.16,1,current,363d1e06e9c48d8b22e6faf269367b05e546d6bcfbbf6d5eab6f055c4bfff5ef,61283e4177d65829dd536da824f20adfeeac307118a1d9e4c204bee860e0f164,332,242,200,132,43,1.7674418604651163,7,1.75,2,1,"[3, 4]",0.005324294710875549,0.09076171971220592,0.0008983812533615021,1.1102230246251565e-16,0.004635949581659582,0.5920887879132648,0.0025991200396442427,"[0.09531237101225791, 0.09614401768857338, 0.025514232421608836, 0.9738369591926982, 0.9747353404460597, 0.02491256648404869, 0.09661483074722613, 0.09529453696756567]",5.638511465668457,-1.0477497459562506,4.590761719712206,1.4654943925052066e-14
8,1.0,0.16,1,reversed,178d574cefa0c34f3ebab8e9ceb1f899eeb3e70396c309c0548ea3579494d82d,e6b966eca625b5d860d6892e7ce87ae1aa48636bb322bc0d2bfe1344d0a81ae4,332,242,200,132,43,1.7674418604651163,7,1.75,2,1,"[3, 4]",0.012773212214539106,0.06310619455916733,0.0008802911905797517,1.1102230246251565e-16,0.012005565078290426,0.6087303025732148,0.004956877609984298,"[0.09163483626892854, 0.08949110647189443, 0.024574102835366273, 0.9751156352540734, 0.9742353440634937, 0.02513298172396654, 0.08905883309759759, 0.09162638483309786]",5.5746603231815115,-1.1377665177406797,4.436893805440833,1.6653345369377348e-14
8,1.0,0.16,1,symmetry,3e3f32662f5b27c6cd9a29eb48cda70eeb5db6368133449e070306058b0b7200,a4b4dbc048f157818ac194a159c989cb9197454fcd562f6af844e182487c0706,332,158,200,132,43,1.7674418604651163,7,1.75,2,1,"[3, 4]",0.008037657093660267,0.03743103356316002,2.0816681711721685e-16,1.1102230246251565e-16,0.007995410520560409,0.6047201480154848,0.0023426979020291366,"[0.09228415664584946, 0.09182593693575841, 0.024694645747782837, 0.9751505707508593, 0.9751505707508593, 0.024694645747782823, 0.09182593693575836, 0.09228415664584926]",5.594837838038783,-1.1322688716019427,4.46256896643684,1.63202784619898e-14
8,1.0,0.16,2,current,85744ad92d32fcf28dd293308bce1b79f36c323636a6de5ebdd8cb4c12cb73aa,e4d11a08d7e8335476b04454644c7e935a2f88e8709de8ba39b4678aecb57449,662,484,398,264,43,1.7674418604651163,7,1.75,2,1,"[3, 4]",0.0013726381968863306,0.02228428468492183,0.0002244269698788992,1.1102230246251565e-16,0.0012033670134952157,0.5955213704814292,0.0006573729393421074,"[0.09481346542729796, 0.09455752149928559, 0.025227848365263428, 0.9742728700250289, 0.9744972969949078, 0.02507889842262857, 0.09467308364692399, 0.09481016826664469]",5.6252327392499835,-1.102948454565061,4.522284284684922,3.885780586188048e-14
8,1.0,0.16,2,reversed,03fcaf3de571447e323aa8700a312022933fe6bb17ecebd53da74875756112b7,4b2fad9ddfce5cd3c27a23ac692eb1cb7b8571ad4909c4f40e2494fb45ad58dc,662,484,398,264,43,1.7674418604651163,7,1.75,2,1,"[3, 4]",0.0031413076475359596,0.015790351578149675,0.00022306762205515085,1.1102230246251565e-16,0.0029512167840455295,0.5996759542789699,0.00123110895514697,"[0.0938976019193859, 0.09289337829060504, 0.02499112137423541, 0.9745967870178043, 0.9743737193957491, 0.025132433708635517, 0.09278460175243491, 0.09389487124286586]",5.6092897291719765,-1.1250800807501258,4.48420964842185,3.4861002973229915e-14
8,1.0,0.16,2,symmetry,438dace51476ba411512a4f249f7b37967e2c280147f087535bc2ccc97817052,9db02c29fbba0d1ee0350c1cea8e45520ed6348e6307eb028903e80bcea21de7,662,316,398,264,43,1.7674418604651163,7,1.75,2,1,"[3, 4]",0.001982717286180382,0.009337846732895727,1.942890293094024e-16,1.1102230246251565e-16,0.0019732897429450835,0.5986980272378695,0.0005798453222850414,"[0.09404700922559353, 0.09347479154074124, 0.025021575959020978, 0.9746107597473573, 0.9746107597473573, 0.0250215759590209, 0.09347479154074144, 0.09404700922559335]",5.614287061678667,-1.1236249084115608,4.490662153267104,3.863576125695545e-14
8,1.0,0.16,4,current,0c23e32d58c107cab5ede4bffbdf089e7dce0bf35f8a513a0ab5a1dfea787402,21f57f6688d7f71ca04644f165fc1f48228473ca1e8145504d33a7270282ad35,1322,968,794,528,43,1.7674418604651163,7,1.75,2,1,"[3, 4]",0.00034564856108014594,0.005545455140897992,5.60906332812694e-05,1.1102230246251565e-16,0.0003034928658759428,0.5964212446290484,0.0001647697493651762,"[0.09467442903098956, 0.09415173057584258, 0.02515592668244804, 0.9743826683983722, 0.9744387590316534, 0.025118781348319564, 0.09418048045694706, 0.09467367542189122]",5.621775771701317,-1.1162303165604166,4.505545455140898,6.894484982922222e-14
8,1.0,0.16,4,reversed,3285afc1580374d8d42438be525c2d879bcb79f6b4b0eae84ec81647c1a5f37f,25ae44c27e13b45afaef40dc7bce1ea47d1692ddddf599ff27bccb6e32eb3080,1322,968,794,528,43,1.7674418604651163,7,1.75,2,1,"[3, 4]",0.0007820803144287527,0.003947781154137964,5.5950015086514426e-05,1.1102230246251565e-16,0.0007346762460397338,0.5974594137409641,0.0003072502210551137,"[0.09444571022546056, 0.09373569547015077, 0.025096641420285837, 0.97446389991199, 0.9744079498969035, 0.025132064662425017, 0.09370846048652677, 0.09444498602227938]",5.617791772133595,-1.1217395532877326,4.496052218845862,6.605826996519681e-14
8,1.0,0.16,4,symmetry,b1b2aa3910d028809241855875f1d4d9b12d40d105510106ec4c50556526cbff,c3bcb723147a3e7413d47f1c7ab7d0ea082e180ec11fd7a1aa612426a04466a2,1322,632,794,528,43,1.7674418604651163,7,1.75,2,1,"[3, 4]",0.0004940115328820039,0.002333141516786874,2.498001805406602e-16,1.1102230246251565e-16,0.0004917265152654116,0.5972164640101898,0.00014459944150732595,"[0.09448225510637108, 0.0938808866798294, 0.02510427201458049, 0.9744677052122331, 0.9744677052122332, 0.02510427201458041, 0.09388088667982965, 0.09448225510637107]",5.619037985128376,-1.1213711266451638,4.497666858483213,7.038813976123492e-14
8,1.0,0.16,8,current,e6200b8d669c8e8d7881dedabb180542db31053c1d4c1f5c3389c9c445520693,81f75df59eacec27fd911e7dd2f6d8ef77004551ae4e8c1de71c380216284b00,2642,1936,1586,1056,43,1.7674418604651163,7,1.75,2,1,"[3, 4]",8.656584277365017e-05,0.00138475959062756,1.402156886332051e-05,1.1102230246251565e-16,7.603702871761264e-05,0.5966487004662068,4.1218364438141974e-05,"[0.09463880530773608, 0.09404975049190113, 0.025137927212058573, 0.9744101632703787, 0.974424184839242, 0.025128646643977043, 0.09405692907202003, 0.09463862129203156]",5.620903409256628,-1.1195186496660017,4.501384759590628,1.8263168755083825e-13
8,1.0,0.16,8,reversed,4c5c74739f52518df52b970d6efdd4f6dd1362d2abf5f85f71dadfbf8f0c67f2,71dc4a3b0629121e7190dfaf5473b4d3667d788457de6171e50be11517aa80e7,2642,1936,1586,1056,43,1.7674418604651163,7,1.75,2,1,"[3, 4]",0.00019531727062714805,0.0009869472391796918,1.3998885945443185e-05,1.1102230246251565e-16,0.00018347373808036416,0.5969082112330047,7.677932712016333e-05,"[0.09458164145334094, 0.09394574263134488, 0.02512309946431848, 0.9744304867182084, 0.974416487832263, 0.02513196115675439, 0.09393893138046172, 0.0945814577617764]",5.61990752668953,-1.1208944739287077,4.49901305276082,1.8318679906315083e-13
8,1.0,0.16,8,symmetry,5282e882b9ec2f3d03bcb1f4f413d270ecd05536548e21ffd940b8344ecec091,0144607f96788c5fd49bf2897a74b1aecf5d375c0736248999aa3f9eb1fc65bd,2642,1264,1586,1056,43,1.7674418604651163,7,1.75,2,1,"[3, 4]",0.00012339866202362457,0.0005832017351643515,2.7755575615628914e-16,1.1102230246251565e-16,0.0001228319138435463,0.5968475694087679,3.612727860012599e-05,"[0.09459072726927854, 0.09398203003111705, 0.0251250081276345, 0.9744314573085315, 0.9744314573085313, 0.025125008127634504, 0.09398203003111712, 0.09459072726927827]",5.620218882337996,-1.1208020840731603,4.499416798264836,1.8285373215576328e-13
8,2.0,0.32,1,current,c9de5206537468cd0f3214569b4ab1a3a4a7691099e88c79ff24fcbcace1b2d7,61283e4177d65829dd536da824f20adfeeac307118a1d9e4c204bee860e0f164,332,242,200,132,43,1.7674418604651163,7,1.75,2,1,"[3, 4]",0.2114449481591657,6.406763790117186,0.07670654936988663,2.220446049250313e-16,0.0032966783840421834,6.817385684686887e-05,0.10730958528123868,"[0.658038301783861, 0.6046419480941962, 0.37827071214135516, 0.5965659806015444, 0.6661555828653233, 0.3015641627714685, 0.6584965711557821, 0.6352675908243685]",10.944197085574519,-0.03743329545733196,10.906763790117186,2.142730437526552e-14
8,2.0,0.32,1,reversed,44d8f6d20cae16300980c9e1689c4b0f11b5fdc4373ee52bbd7792d6c60fdbc2,e6b966eca625b5d860d6892e7ce87ae1aa48636bb322bc0d2bfe1344d0a81ae4,332,242,200,132,43,1.7674418604651163,7,1.75,2,1,"[3, 4]",0.19968439596985563,3.66719362441918,0.08078082678947351,2.220446049250313e-16,0.006395272046123107,0.009760124287012159,0.11341074665096013,"[0.5975487009203978, 0.45606951135589424, 0.2964561543634774, 0.6990726352349241, 0.6182918084454506, 0.3283051092053138, 0.4377762392235833, 0.5845651982848016]",9.795371725647836,-8.962565350067019,0.8328063755808198,2.098321516541546e-14
8,2.0,0.32,1,symmetry,68c4faff833e16fdf34e0f1b1cd97c3ee098cbcbd9630abafffa61aec52471fd,a4b4dbc048f157818ac194a159c989cb9197454fcd562f6af844e182487c0706,332,158,200,132,43,1.7674418604651163,7,1.75,2,1,"[3, 4]",0.23599034361845264,3.0644890291608857,3.3306690738754696e-16,2.220446049250313e-16,0.014935221407975725,0.018300073648864778,0.11448747948966714,"[0.5098737388967504, 0.4366995063848765, 0.2928450073519836, 0.7041226000776245, 0.7041226000776246, 0.2928450073519836, 0.43669950638487626, 0.5098737388967507]",9.558159040352171,-8.122648069513057,1.4355109708391143,2.1094237467877974e-14
8,2.0,0.32,2,current,58f6e685eb52f22e084b1e6421ecccb8e25b5bcaac672c9c8fb19ea46530e96f,e4d11a08d7e8335476b04454644c7e935a2f88e8709de8ba39b4678aecb57449,662,484,398,264,43,1.7674418604651163,7,1.75,2,1,"[3, 4]",0.0661929640430627,1.2484575379714666,0.01835208862477794,2.220446049250313e-16,0.0018474672805004393,0.0015173849603886131,0.03189746103795643,"[0.6330182910720673, 0.572232877308701, 0.3306040456517488, 0.6314035581644537, 0.6486712952243028, 0.31225195702697084, 0.5830844469124998, 0.6284942397662323]",10.534937837035972,-4.786480299064506,5.748457537971467,3.086420008457935e-14
8,2.0,0.32,2,reversed,b3f18bc859d58ebbc53968490ed28f35dc8bc46e896f406e29a53c0e1d7b872e,4b2fad9ddfce5cd3c27a23ac692eb1cb7b8571ad4909c4f40e2494fb45ad58dc,662,484,398,264,43,1.7674418604651163,7,1.75,2,1,"[3, 4]",0.038346027206904665,0.7111858681037742,0.01841997982059551,2.220446049250313e-16,0.0003324092130775067,0.003697261453966559,0.0202104361464861,"[0.6182454774791993, 0.5329097008481363, 0.31284835859318755, 0.6572379219816539, 0.6388179421610584, 0.318778429842754, 0.5309765497280573, 0.613703875238507]",10.264436492686098,-6.475622360789873,3.788814131896226,3.2085445411667024e-14
8,2.0,0.32,2,symmetry,88716061dbd839c027de7e798bc4d19b7dbf5b12bdee0efeebea54c463e197d6,9db02c29fbba0d1ee0350c1cea8e45520ed6348e6307eb028903e80bcea21de7,662,316,398,264,43,1.7674418604651163,7,1.75,2,1,"[3, 4]",0.05440457637629292,0.6666572522465932,2.220446049250313e-16,2.220446049250313e-16,0.0019059837409886428,0.005270835981877695,0.02435466365995731,"[0.5934386889431431, 0.5268323222145863, 0.30910721707144395, 0.6629705041714119, 0.6629705041714119, 0.30910721707144406, 0.5268323222145861, 0.5934386889431431]",10.178875193941634,-6.345532446188226,3.8333427477534068,3.3306690738754696e-14
8,2.0,0.32,4,current,bb9b278b4f49fef3018893accca175d8c0e05d53b189e89ab002b63d964a06ea,21f57f6688d7f71ca04644f165fc1f48228473ca1e8145504d33a7270282ad35,1322,968,794,528,43,1.7674418604651163,7,1.75,2,1,"[3, 4]",0.016735938834665523,0.2933849693446131,0.004540762054069003,2.220446049250313e-16,0.0005528665559804955,0.002811985684908557,0.008042690970115118,"[0.6200112385676071, 0.5567145899948585, 0.3190498847141979, 0.6414631431136717, 0.6457847137738386, 0.31450912266012887, 0.5592296768446585, 0.6189206782126152]",10.36956422653606,-5.5761792571914475,4.793384969344613,7.316369732279782e-14
8,2.0,0.32,4,reversed,16b6f75c1d3dfca3da0eab0dd8a5a5b17001f098128feb2f07d2b44e7d8f20a0,25ae44c27e13b45afaef40dc7bce1ea47d1692ddddf599ff27bccb6e32eb3080,1322,968,794,528,43,1.7674418604651163,7,1.75,2,1,"[3, 4]",0.009149192653068166,0.16668463628877195,0.00451280275836119,2.220446049250313e-16,4.625306990225977e-05,0.003411105310791312,0.004625727719953288,"[0.6163275032468819, 0.5469180602122009, 0.31479085761886644, 0.6478944692471049, 0.6433816664887437, 0.3161555761794636, 0.5465612581545901, 0.6151389175671145]",10.303645666406368,-5.970330302695141,4.333315363711228,7.083222897108499e-14
8,2.0,0.32,4,symmetry,1756a66a0432e9a7caba0fb779d1da44fdcaf0bc984d7e40d96fab83d59f7231,c3bcb723147a3e7413d47f1c7ab7d0ea082e180ec11fd7a1aa612426a04466a2,1322,632,794,528,43,1.7674418604651163,7,1.75,2,1,"[3, 4]",0.01318409633724497,0.1616068786697431,5.551115123125783e-16,2.220446049250313e-16,0.0004028006035577585,0.003767652844446811,0.005825765563171825,"[0.6101018893883426, 0.5453612203113715, 0.31369272484130795, 0.6494496532723598, 0.64944965327236, 0.31369272484130784, 0.5453612203113716, 0.6101018893883421]",10.281264724493285,-5.942871603163028,4.338393121330257,7.038813976123492e-14
8,2.0,0.32,8,current,e4a5cfa3fd029a70928cf65b8a7ca3f194ba520611615b2320938c96376b91ca,81f75df59eacec27fd911e7dd2f6d8ef77004551ae4e8c1de71c380216284b00,2642,1936,1586,1056,43,1.7674418604651163,7,1.75,2,1,"[3, 4]",0.004189260788713914,0.07223051514748047,0.0011320826409265128,2.220446049250313e-16,0.0001441567912278236,0.003220695449661229,0.0020125706428075762,"[0.6165014141833739, 0.552583337593102, 0.31621123555937664, 0.6440268935047986, 0.6451075812259226, 0.3150791529184501, 0.553199556517351, 0.6162309844065122]",10.32652151846437,-5.754291003316888,4.5722305151474805,1.4799272918253337e-13
8,2.0,0.32,8,reversed,7e999e5f3d647c9adebd426dc66b30328dd96421ea1bcff0994491d071993e67,71dc4a3b0629121e7190dfaf5473b4d3667d788457de6171e50be11517aa80e7,2642,1936,1586,1056,43,1.7674418604651163,7,1.75,2,1,"[3, 4]",0.00226122702753866,0.04100923516570543,0.0011223073065699252,2.220446049250313e-16,9.543162840211679e-06,0.003374395403729264,0.0011310854401583859,"[0.6155812903265914, 0.5501376021919815, 0.3151578256963296, 0.6456319308390805, 0.6445096235325106, 0.3154916996324172, 0.550055900434385, 0.615281190228316]",10.31014980532901,-5.851159040494715,4.458990764834295,1.4654943925052066e-13
8,2.0,0.32,8,symmetry,7a08db60edd168514c9547d475ee16912c8c69febae1523f80291dab50e962b0,0144607f96788c5fd49bf2897a74b1aecf5d375c0736248999aa3f9eb1fc65bd,2642,1264,1586,1056,43,1.7674418604651163,7,1.75,2,1,"[3, 4]",0.0032678604085917126,0.040096344369004555,1.1102230246251565e-15,2.220446049250313e-16,9.65946336776713e-05,0.0034614468745667237,0.001439960852960942,"[0.6140249794017618, 0.5497470250215827, 0.31487336316748277, 0.646027199730517, 0.6460271997305168, 0.31487336316748293, 0.5497470250215825, 0.6140249794017629]",10.30450426397169,-5.844600608340694,4.4599036556309954,1.4765966227514582e-13
