num_plaquettes,x,time,repetitions,term_ordering,circuit_hash,circuit_structure_hash,source_gate_count,source_depth,source_1q_count,source_2q_count,pauli_term_count,mean_pauli_weight,interaction_edge_count,interaction_mean_degree,interaction_max_degree,interaction_range,initial_ones,tvd,energy_drift,mirror_asymmetry,exact_mirror_asymmetry,survival_error,survival,local_occupation_error,occupations,electric_energy,magnetic_energy,total_energy,norm_error,strategy,target_name,native_2q_count,native_2q_depth,native_depth,estimated_duration,routing_2q_overhead,verification_result,verification_error,verification_tolerance,verification_method,compile_seconds
3,2.0,0.32,1,current,772aa3d36e9537b9c7b6edb8f91a8a94eefae84ca9fd05a66b0e4bc4e8aedcba,765e8cc2c75724fb242ba5e1c778dfd8856fe1c57f25e657cf6892bd9d945ec5,91,69,59,32,13,1.6153846153846154,2,1.3333333333333333,2,1,[1],0.14379304649583372,2.1386219663253314,0.0,0.0,0.0820678778689527,0.009809756588970306,0.10172972904018937,"[0.573259183425566, 0.19028861921650617, 0.573259183425566]",3.6435154461535304,-2.782137412478862,0.8613780336746687,5.773159728050814e-15,qiskit,synthetic_line_6q_favorable,28,28,96,1.7614812000000016e-05,-4,True,2.8153787097156407e-15,1e-10,logical exact + routed zero/3 random states,0.535975122002128
3,2.0,0.32,1,current,772aa3d36e9537b9c7b6edb8f91a8a94eefae84ca9fd05a66b0e4bc4e8aedcba,765e8cc2c75724fb242ba5e1c778dfd8856fe1c57f25e657cf6892bd9d945ec5,91,69,59,32,13,1.6153846153846154,2,1.3333333333333333,2,1,[1],0.14379304649583372,2.1386219663253314,0.0,0.0,0.0820678778689527,0.009809756588970306,0.10172972904018937,"[0.573259183425566, 0.19028861921650617, 0.573259183425566]",3.6435154461535304,-2.782137412478862,0.8613780336746687,5.773159728050814e-15,basic,synthetic_line_6q_favorable,28,28,91,1.790074800000001e-05,0,True,3.22012528026176e-15,1e-10,logical exact + routed zero/3 random states,0.13157327200315194
3,2.0,0.32,1,current,772aa3d36e9537b9c7b6edb8f91a8a94eefae84ca9fd05a66b0e4bc4e8aedcba,765e8cc2c75724fb242ba5e1c778dfd8856fe1c57f25e657cf6892bd9d945ec5,91,69,59,32,13,1.6153846153846154,2,1.3333333333333333,2,1,[1],0.14379304649583372,2.1386219663253314,0.0,0.0,0.0820678778689527,0.009809756588970306,0.10172972904018937,"[0.573259183425566, 0.19028861921650617, 0.573259183425566]",3.6435154461535304,-2.782137412478862,0.8613780336746687,5.773159728050814e-15,teleport,synthetic_line_6q_favorable,24,24,77,1.557574200000001e-05,-8,True,2.9406505148178844e-15,1e-10,logical exact + routed zero/3 random states,0.05039745899557602
3,2.0,0.32,1,reversed,b6865d3c79408090312a8b8ba7af66feafdf6446a1d6cb0d6ba9ec0d67f5ebd6,0f8d51d20a1a29e81f8c24f0b0b472dfb8502b6183d3b0fc3ba8ac4b7ed28015,91,69,59,32,13,1.6153846153846154,2,1.3333333333333333,2,1,[1],0.22146149574986884,0.48531850682692124,1.1102230246251565e-16,0.0,0.1371069275536505,0.2289845620115735,0.2151833951917213,"[0.4740099029518724, 0.5072017434484168, 0.4740099029518723]",3.8834760795624508,-0.39815757273553,3.4853185068269212,5.551115123125783e-15,qiskit,synthetic_line_6q_favorable,30,30,107,2.0139618000000016e-05,-2,True,3.000500002713078e-15,1e-10,logical exact + routed zero/3 random states,0.006129863002570346
3,2.0,0.32,1,reversed,b6865d3c79408090312a8b8ba7af66feafdf6446a1d6cb0d6ba9ec0d67f5ebd6,0f8d51d20a1a29e81f8c24f0b0b472dfb8502b6183d3b0fc3ba8ac4b7ed28015,91,69,59,32,13,1.6153846153846154,2,1.3333333333333333,2,1,[1],0.22146149574986884,0.48531850682692124,1.1102230246251565e-16,0.0,0.1371069275536505,0.2289845620115735,0.2151833951917213,"[0.4740099029518724, 0.5072017434484168, 0.4740099029518723]",3.8834760795624508,-0.39815757273553,3.4853185068269212,5.551115123125783e-15,basic,synthetic_line_6q_favorable,30,30,109,1.9883874000000014e-05,-2,True,3.58766985720938e-15,1e-10,logical exact + routed zero/3 random states,0.024377061999985017
3,2.0,0.32,1,reversed,b6865d3c79408090312a8b8ba7af66feafdf6446a1d6cb0d6ba9ec0d67f5ebd6,0f8d51d20a1a29e81f8c24f0b0b472dfb8502b6183d3b0fc3ba8ac4b7ed28015,91,69,59,32,13,1.6153846153846154,2,1.3333333333333333,2,1,[1],0.22146149574986884,0.48531850682692124,1.1102230246251565e-16,0.0,0.1371069275536505,0.2289845620115735,0.2151833951917213,"[0.4740099029518724, 0.5072017434484168, 0.4740099029518723]",3.8834760795624508,-0.39815757273553,3.4853185068269212,5.551115123125783e-15,teleport,synthetic_line_6q_favorable,26,26,96,1.755886800000001e-05,-6,True,3.040977675184372e-15,1e-10,logical exact + routed zero/3 random states,0.04228934700222453
3,2.0,0.32,1,symmetry,00a65b97a74991ca0835293304dac2024ed6a77d5ff505fe238acc74ab12b1ca,6a6aae1885d6873dffd1506ff8d688fd3eac509f1b62ee93f6eb8ffa9bfc57b0,91,67,59,32,13,1.6153846153846154,2,1.3333333333333333,2,1,[1],0.11991216515865849,0.7523684907119668,1.1102230246251565e-16,0.0,0.04509369195548714,0.13697132641341014,0.11991216515865571,"[0.5009600541977652, 0.41193051341535125, 0.5009600541977651]",3.738537854004562,0.013830636707404961,3.7523684907119668,5.662137425588298e-15,qiskit,synthetic_line_6q_favorable,28,28,111,1.7825268000000016e-05,-4,True,3.631316172303168e-15,1e-10,logical exact + routed zero/3 random states,0.005784569999377709
3,2.0,0.32,1,symmetry,00a65b97a74991ca0835293304dac2024ed6a77d5ff505fe238acc74ab12b1ca,6a6aae1885d6873dffd1506ff8d688fd3eac509f1b62ee93f6eb8ffa9bfc57b0,91,67,59,32,13,1.6153846153846154,2,1.3333333333333333,2,1,[1],0.11991216515865849,0.7523684907119668,1.1102230246251565e-16,0.0,0.04509369195548714,0.13697132641341014,0.11991216515865571,"[0.5009600541977652, 0.41193051341535125, 0.5009600541977651]",3.738537854004562,0.013830636707404961,3.7523684907119668,5.662137425588298e-15,basic,synthetic_line_6q_favorable,22,22,91,1.3111764000000005e-05,-4,True,3.018602284648458e-15,1e-10,logical exact + routed zero/3 random states,0.02765310300310375
3,2.0,0.32,1,symmetry,00a65b97a74991ca0835293304dac2024ed6a77d5ff505fe238acc74ab12b1ca,6a6aae1885d6873dffd1506ff8d688fd3eac509f1b62ee93f6eb8ffa9bfc57b0,91,67,59,32,13,1.6153846153846154,2,1.3333333333333333,2,1,[1],0.11991216515865849,0.7523684907119668,1.1102230246251565e-16,0.0,0.04509369195548714,0.13697132641341014,0.11991216515865571,"[0.5009600541977652, 0.41193051341535125, 0.5009600541977651]",3.738537854004562,0.013830636707404961,3.7523684907119668,5.662137425588298e-15,teleport,synthetic_line_6q_favorable,28,28,104,1.8366948000000013e-05,-4,True,3.675492212195508e-15,1e-10,logical exact + routed zero/3 random states,0.04103192299953662
3,2.0,0.32,2,current,5aafcfabeeaa255f3e2694581b80308a659e5626137312718bea6a1ea3be60db,895718eee45a850d435c8240f7a9ee014cfb599978558936fe2e71db8b8c0270,181,137,117,64,13,1.6153846153846154,2,1.3333333333333333,2,1,[1],0.033804491976913445,0.2925869317332537,2.220446049250313e-16,0.0,0.021528415095824247,0.07034921936209876,0.02674890743723901,"[0.5631681113334028, 0.2652694408194565, 0.5631681113334026]",3.8030522934896074,-1.0956392252228608,2.7074130682667463,8.548717289613705e-15,qiskit,synthetic_line_6q_favorable,54,54,192,3.452588400000001e-05,-10,True,4.261091074326516e-15,1e-10,logical exact + routed zero/3 random states,0.005738157000450883
3,2.0,0.32,2,current,5aafcfabeeaa255f3e2694581b80308a659e5626137312718bea6a1ea3be60db,895718eee45a850d435c8240f7a9ee014cfb599978558936fe2e71db8b8c0270,181,137,117,64,13,1.6153846153846154,2,1.3333333333333333,2,1,[1],0.033804491976913445,0.2925869317332537,2.220446049250313e-16,0.0,0.021528415095824247,0.07034921936209876,0.02674890743723901,"[0.5631681113334028, 0.2652694408194565, 0.5631681113334026]",3.8030522934896074,-1.0956392252228608,2.7074130682667463,8.548717289613705e-15,basic,synthetic_line_6q_favorable,54,54,182,3.509775600000001e-05,-2,True,6.753223014464259e-15,1e-10,logical exact + routed zero/3 random states,0.04239013500045985
3,2.0,0.32,2,current,5aafcfabeeaa255f3e2694581b80308a659e5626137312718bea6a1ea3be60db,895718eee45a850d435c8240f7a9ee014cfb599978558936fe2e71db8b8c0270,181,137,117,64,13,1.6153846153846154,2,1.3333333333333333,2,1,[1],0.033804491976913445,0.2925869317332537,2.220446049250313e-16,0.0,0.021528415095824247,0.07034921936209876,0.02674890743723901,"[0.5631681113334028, 0.2652694408194565, 0.5631681113334026]",3.8030522934896074,-1.0956392252228608,2.7074130682667463,8.548717289613705e-15,teleport,synthetic_line_6q_favorable,42,42,142,2.7866994000000027e-05,-22,True,5.9407306827449445e-15,1e-10,logical exact + routed zero/3 random states,0.09159604600426974
3,2.0,0.32,2,reversed,f7faf39edcb6eb05123196946948ccc8d93cbe624e6e3c7a3fbb1602e964e75a,53c4f0677915c62f9f4a3a2141402bf5759264456ba570678b9a3dd1792b6691,181,137,117,64,13,1.6153846153846154,2,1.3333333333333333,2,1,[1],0.04595985270315322,0.11384538385793785,3.3306690738754696e-16,0.0,0.024603044545832065,0.11648067900375507,0.04472988263204786,"[0.5374715890590132, 0.3367482308887434, 0.5374715890590128]",3.8317544852805283,-0.7179091014225903,3.113845383857938,7.105427357601002e-15,qiskit,synthetic_line_6q_favorable,56,56,203,3.705069000000001e-05,-8,True,5.3032945191522335e-15,1e-10,logical exact + routed zero/3 random states,0.0075015250040451065
3,2.0,0.32,2,reversed,f7faf39edcb6eb05123196946948ccc8d93cbe624e6e3c7a3fbb1602e964e75a,53c4f0677915c62f9f4a3a2141402bf5759264456ba570678b9a3dd1792b6691,181,137,117,64,13,1.6153846153846154,2,1.3333333333333333,2,1,[1],0.04595985270315322,0.11384538385793785,3.3306690738754696e-16,0.0,0.024603044545832065,0.11648067900375507,0.04472988263204786,"[0.5374715890590132, 0.3367482308887434, 0.5374715890590128]",3.8317544852805283,-0.7179091014225903,3.113845383857938,7.105427357601002e-15,basic,synthetic_line_6q_favorable,56,56,200,3.7080882000000003e-05,-4,True,6.03216210204077e-15,1e-10,logical exact + routed zero/3 random states,0.04307136699935654
3,2.0,0.32,2,reversed,f7faf39edcb6eb05123196946948ccc8d93cbe624e6e3c7a3fbb1602e964e75a,53c4f0677915c62f9f4a3a2141402bf5759264456ba570678b9a3dd1792b6691,181,137,117,64,13,1.6153846153846154,2,1.3333333333333333,2,1,[1],0.04595985270315322,0.11384538385793785,3.3306690738754696e-16,0.0,0.024603044545832065,0.11648067900375507,0.04472988263204786,"[0.5374715890590132, 0.3367482308887434, 0.5374715890590128]",3.8317544852805283,-0.7179091014225903,3.113845383857938,7.105427357601002e-15,teleport,synthetic_line_6q_favorable,40,40,157,2.6768094000000026e-05,-24,True,4.3021142204224816e-15,1e-10,logical exact + routed zero/3 random states,0.09038482899632072
3,2.0,0.32,2,symmetry,afed9d2454c139033c138e54323eb6d9b5e0516e2d426ef4b28d825ff24a7fe5,ba6a68ec18cf628ef593f8bf116adff9beb0c49bfece1e9746db62e3c2b91702,181,133,117,64,13,1.6153846153846154,2,1.3333333333333333,2,1,[1],0.024948321917767826,0.13395178279852127,0.0,0.0,0.009362753371491811,0.10124038782941482,0.022521941687487057,"[0.5420042412020911, 0.3145402899441826, 0.5420042412020911]",3.8012022630519895,-0.6672504802534682,3.1339517827985213,7.549516567451064e-15,qiskit,synthetic_line_6q_favorable,54,54,218,3.4843122000000005e-05,-10,True,6.9293819670698285e-15,1e-10,logical exact + routed zero/3 random states,0.0058471420052228495
3,2.0,0.32,2,symmetry,afed9d2454c139033c138e54323eb6d9b5e0516e2d426ef4b28d825ff24a7fe5,ba6a68ec18cf628ef593f8bf116adff9beb0c49bfece1e9746db62e3c2b91702,181,133,117,64,13,1.6153846153846154,2,1.3333333333333333,2,1,[1],0.024948321917767826,0.13395178279852127,0.0,0.0,0.009362753371491811,0.10124038782941482,0.022521941687487057,"[0.5420042412020911, 0.3145402899441826, 0.5420042412020911]",3.8012022630519895,-0.6672504802534682,3.1339517827985213,7.549516567451064e-15,basic,synthetic_line_6q_favorable,42,42,186,2.5508022000000028e-05,-10,True,1.1994166644578803e-14,1e-10,logical exact + routed zero/3 random states,0.045344008001848124
3,2.0,0.32,2,symmetry,afed9d2454c139033c138e54323eb6d9b5e0516e2d426ef4b28d825ff24a7fe5,ba6a68ec18cf628ef593f8bf116adff9beb0c49bfece1e9746db62e3c2b91702,181,133,117,64,13,1.6153846153846154,2,1.3333333333333333,2,1,[1],0.024948321917767826,0.13395178279852127,0.0,0.0,0.009362753371491811,0.10124038782941482,0.022521941687487057,"[0.5420042412020911, 0.3145402899441826, 0.5420042412020911]",3.8012022630519895,-0.6672504802534682,3.1339517827985213,7.549516567451064e-15,teleport,synthetic_line_6q_favorable,54,54,204,3.5926482e-05,-10,True,5.9871839031307054e-15,1e-10,logical exact + routed zero/3 random states,0.07830980600556359
3,2.0,0.32,4,current,ff2fea665a265e9f8f6c571848b19820b4afc1ece7ccfcd159ccfd87e88d3097,a8c77d0b2cdabef3b9ba279df496609f76a174ba9474507d77488b124b9a2527,361,273,233,128,13,1.6153846153846154,2,1.3333333333333333,2,1,[1],0.008123617423715097,0.06316605395493724,1.1102230246251565e-16,0.0,0.005320734848234754,0.08655689960968825,0.00663824985039102,"[0.5590401578963392, 0.2853800984063045, 0.5590401578963393]",3.8366184483073384,-0.8997845022622761,2.9368339460450628,2.1871393585115584e-14,qiskit,synthetic_line_6q_favorable,106,106,384,6.834802799999989e-05,-22,True,2.093145841045873e-14,1e-10,logical exact + routed zero/3 random states,0.007916321999800857
3,2.0,0.32,4,current,ff2fea665a265e9f8f6c571848b19820b4afc1ece7ccfcd159ccfd87e88d3097,a8c77d0b2cdabef3b9ba279df496609f76a174ba9474507d77488b124b9a2527,361,273,233,128,13,1.6153846153846154,2,1.3333333333333333,2,1,[1],0.008123617423715097,0.06316605395493724,1.1102230246251565e-16,0.0,0.005320734848234754,0.08655689960968825,0.00663824985039102,"[0.5590401578963392, 0.2853800984063045, 0.5590401578963393]",3.8366184483073384,-0.8997845022622761,2.9368339460450628,2.1871393585115584e-14,basic,synthetic_line_6q_favorable,106,106,364,6.94917719999999e-05,-6,True,1.1464665530603447e-14,1e-10,logical exact + routed zero/3 random states,0.07584854199376423
3,2.0,0.32,4,current,ff2fea665a265e9f8f6c571848b19820b4afc1ece7ccfcd159ccfd87e88d3097,a8c77d0b2cdabef3b9ba279df496609f76a174ba9474507d77488b124b9a2527,361,273,233,128,13,1.6153846153846154,2,1.3333333333333333,2,1,[1],0.008123617423715097,0.06316605395493724,1.1102230246251565e-16,0.0,0.005320734848234754,0.08655689960968825,0.00663824985039102,"[0.5590401578963392, 0.2853800984063045, 0.5590401578963393]",3.8366184483073384,-0.8997845022622761,2.9368339460450628,2.1871393585115584e-14,teleport,synthetic_line_6q_favorable,70,70,265,4.6255031999999943e-05,-58,True,2.2150357944115166e-14,1e-10,logical exact + routed zero/3 random states,0.20847241600131383
3,2.0,0.32,4,reversed,a71cc39acdd9e08344124c7e997206c1bd503b9ff8cf0370a03cebc972b5adb8,7d132187bc68f86135716fbbc3aaa1c51d5a5fe1ced4a7b1900340154dbf252a,361,273,233,128,13,1.6153846153846154,2,1.3333333333333333,2,1,[1],0.011313657659928544,0.025963815831357984,0.0,0.0,0.0056537574245260624,0.09753139188244907,0.010616877556638704,"[0.5525648667583298, 0.30263522581333424, 0.5525648667583298]",3.8416817179842093,-0.815717902152852,3.025963815831358,2.0872192862952943e-14,qiskit,synthetic_line_6q_favorable,108,108,395,7.087283399999989e-05,-20,True,2.4301460762083416e-14,1e-10,logical exact + routed zero/3 random states,0.006582432994036935
3,2.0,0.32,4,reversed,a71cc39acdd9e08344124c7e997206c1bd503b9ff8cf0370a03cebc972b5adb8,7d132187bc68f86135716fbbc3aaa1c51d5a5fe1ced4a7b1900340154dbf252a,361,273,233,128,13,1.6153846153846154,2,1.3333333333333333,2,1,[1],0.011313657659928544,0.025963815831357984,0.0,0.0,0.0056537574245260624,0.09753139188244907,0.010616877556638704,"[0.5525648667583298, 0.30263522581333424, 0.5525648667583298]",3.8416817179842093,-0.815717902152852,3.025963815831358,2.0872192862952943e-14,basic,synthetic_line_6q_favorable,108,108,382,7.147489799999991e-05,-8,True,1.1504075052018255e-14,1e-10,logical exact + routed zero/3 random states,0.07922820199746639
3,2.0,0.32,4,reversed,a71cc39acdd9e08344124c7e997206c1bd503b9ff8cf0370a03cebc972b5adb8,7d132187bc68f86135716fbbc3aaa1c51d5a5fe1ced4a7b1900340154dbf252a,361,273,233,128,13,1.6153846153846154,2,1.3333333333333333,2,1,[1],0.011313657659928544,0.025963815831357984,0.0,0.0,0.0056537574245260624,0.09753139188244907,0.010616877556638704,"[0.5525648667583298, 0.30263522581333424, 0.5525648667583298]",3.8416817179842093,-0.815717902152852,3.025963815831358,2.0872192862952943e-14,teleport,synthetic_line_6q_favorable,80,80,290,5.440220999999992e-05,-48,True,1.0953012706639858e-14,1e-10,logical exact + routed zero/3 random states,0.18889993299671914
3,2.0,0.32,4,symmetry,8fe930a541d18cc33108e3e35a3fcac9c16989dc1fe77ed9d04b90adcaaac493,782263ca64b71eeefc48c91b81baad1ed2e7baec77bdb2c8f2c383245da35ab6,361,265,233,128,13,1.6153846153846154,2,1.3333333333333333,2,1,[1],0.00602376798316101,0.03029639105424975,0.0,0.0,0.0022014848646110113,0.09407911932253402,0.005158281994416092,"[0.5535887695836783, 0.29717663025111163, 0.5535887695836783]",3.8343039821829152,-0.8040075911286656,3.0302963910542497,2.220446049250313e-14,qiskit,synthetic_line_6q_favorable,106,106,432,6.887882999999987e-05,-22,True,4.302249638639963e-14,1e-10,logical exact + routed zero/3 random states,0.007156008003221359
3,2.0,0.32,4,symmetry,8fe930a541d18cc33108e3e35a3fcac9c16989dc1fe77ed9d04b90adcaaac493,782263ca64b71eeefc48c91b81baad1ed2e7baec77bdb2c8f2c383245da35ab6,361,265,233,128,13,1.6153846153846154,2,1.3333333333333333,2,1,[1],0.00602376798316101,0.03029639105424975,0.0,0.0,0.0022014848646110113,0.09407911932253402,0.005158281994416092,"[0.5535887695836783, 0.29717663025111163, 0.5535887695836783]",3.8343039821829152,-0.8040075911286656,3.0302963910542497,2.220446049250313e-14,basic,synthetic_line_6q_favorable,82,82,366,5.0208629999999906e-05,-22,True,1.306157573178726e-14,1e-10,logical exact + routed zero/3 random states,0.0848065760001191
3,2.0,0.32,4,symmetry,8fe930a541d18cc33108e3e35a3fcac9c16989dc1fe77ed9d04b90adcaaac493,782263ca64b71eeefc48c91b81baad1ed2e7baec77bdb2c8f2c383245da35ab6,361,265,233,128,13,1.6153846153846154,2,1.3333333333333333,2,1,[1],0.00602376798316101,0.03029639105424975,0.0,0.0,0.0022014848646110113,0.09407911932253402,0.005158281994416092,"[0.5535887695836783, 0.29717663025111163, 0.5535887695836783]",3.8343039821829152,-0.8040075911286656,3.0302963910542497,2.220446049250313e-14,teleport,synthetic_line_6q_favorable,106,106,404,7.104554999999988e-05,-22,True,5.424166696482352e-14,1e-10,logical exact + routed zero/3 random states,0.15819983300025342
5,2.0,0.32,1,current,7db1056039cd47839b9d3fb297f0d6e9ff29cb8652c6fac8afa4a96febe9feff,8e6844338f73e15122efb5508ac939bc137edd6cadbefd075727a5a24c97e8c5,187,134,115,72,25,1.72,4,1.6,2,1,[2],0.12984233211587803,2.918563912417767,0.00399405284940757,1.1102230246251565e-16,0.0019281606583038265,0.000657033476247722,0.05071472256435933,"[0.7473002732454496, 0.42006124923399774, 0.23961300771199057, 0.4177844983822818, 0.743306220396042]",6.896154823323132,-0.9775909109053647,5.918563912417767,1.1879386363489175e-14,qiskit,synthetic_line_7q_favorable,60,52,188,1.7579070000000007e-05,-12,True,6.294888674137018e-15,1e-10,logical exact + routed zero/3 random states,0.006026530005328823
5,2.0,0.32,1,current,7db1056039cd47839b9d3fb297f0d6e9ff29cb8652c6fac8afa4a96febe9feff,8e6844338f73e15122efb5508ac939bc137edd6cadbefd075727a5a24c97e8c5,187,134,115,72,25,1.72,4,1.6,2,1,[2],0.12984233211587803,2.918563912417767,0.00399405284940757,1.1102230246251565e-16,0.0019281606583038265,0.000657033476247722,0.05071472256435933,"[0.7473002732454496, 0.42006124923399774, 0.23961300771199057, 0.4177844983822818, 0.743306220396042]",6.896154823323132,-0.9775909109053647,5.918563912417767,1.1879386363489175e-14,basic,synthetic_line_7q_favorable,48,40,169,1.5965574000000014e-05,-14,True,7.50551000940968e-15,1e-10,logical exact + routed zero/3 random states,0.04871020700375084
5,2.0,0.32,1,current,7db1056039cd47839b9d3fb297f0d6e9ff29cb8652c6fac8afa4a96febe9feff,8e6844338f73e15122efb5508ac939bc137edd6cadbefd075727a5a24c97e8c5,187,134,115,72,25,1.72,4,1.6,2,1,[2],0.12984233211587803,2.918563912417767,0.00399405284940757,1.1102230246251565e-16,0.0019281606583038265,0.000657033476247722,0.05071472256435933,"[0.7473002732454496, 0.42006124923399774, 0.23961300771199057, 0.4177844983822818, 0.743306220396042]",6.896154823323132,-0.9775909109053647,5.918563912417767,1.1879386363489175e-14,teleport,synthetic_line_7q_favorable,56,48,169,1.5067362000000009e-05,-16,True,5.009554625647217e-15,1e-10,logical exact + routed zero/3 random states,0.09947121099685319
5,2.0,0.32,1,reversed,7ef52e590ad8edd084924949250d55bf8624805259697fe66bb1ebc8bf33607a,b9c73f90927f1a7702b48a5e73d5cbf1214365bd00acbcecca46f4fb7315d51c,187,134,115,72,25,1.72,4,1.6,2,1,[2],0.227987270943437,1.3023363200438864,0.032903564087434445,1.1102230246251565e-16,0.013501208694452496,0.016086402829004046,0.13173916007813674,"[0.6510251259249803, 0.3090073689450708, 0.39636234813988763, 0.30078572614122734, 0.6839286900124147]",6.27680922393633,-4.579145543980216,1.6976636799561136,1.176836406102666e-14,qiskit,synthetic_line_7q_favorable,62,54,197,1.9492043999999996e-05,-10,True,3.934334869046789e-15,1e-10,logical exact + routed zero/3 random states,0.01361045500379987
5,2.0,0.32,1,reversed,7ef52e590ad8edd084924949250d55bf8624805259697fe66bb1ebc8bf33607a,b9c73f90927f1a7702b48a5e73d5cbf1214365bd00acbcecca46f4fb7315d51c,187,134,115,72,25,1.72,4,1.6,2,1,[2],0.227987270943437,1.3023363200438864,0.032903564087434445,1.1102230246251565e-16,0.013501208694452496,0.016086402829004046,0.13173916007813674,"[0.6510251259249803, 0.3090073689450708, 0.39636234813988763, 0.30078572614122734, 0.6839286900124147]",6.27680922393633,-4.579145543980216,1.6976636799561136,1.176836406102666e-14,basic,synthetic_line_7q_favorable,58,50,211,1.9403688e-05,-12,True,9.611006814725532e-15,1e-10,logical exact + routed zero/3 random states,0.0532684049976524
5,2.0,0.32,1,reversed,7ef52e590ad8edd084924949250d55bf8624805259697fe66bb1ebc8bf33607a,b9c73f90927f1a7702b48a5e73d5cbf1214365bd00acbcecca46f4fb7315d51c,187,134,115,72,25,1.72,4,1.6,2,1,[2],0.227987270943437,1.3023363200438864,0.032903564087434445,1.1102230246251565e-16,0.013501208694452496,0.016086402829004046,0.13173916007813674,"[0.6510251259249803, 0.3090073689450708, 0.39636234813988763, 0.30078572614122734, 0.6839286900124147]",6.27680922393633,-4.579145543980216,1.6976636799561136,1.176836406102666e-14,teleport,synthetic_line_7q_favorable,56,50,178,1.8311892e-05,-16,True,5.301605568918468e-15,1e-10,logical exact + routed zero/3 random states,0.11652159799996298
5,2.0,0.32,1,symmetry,7de03206f02d2dfb06ff8fec7ec1c961a0df99468448a5d7bd4645437427ed77,efab82df3ae9f9299d0990e151004f6ecb0a75f5667c774a848c1b6e3f6c585c,187,106,115,72,25,1.72,4,1.6,2,1,[2],0.19522572215647488,0.9834711212538392,3.3306690738754696e-16,1.1102230246251565e-16,0.012602030363361456,0.015187224497913003,0.13704429059783352,"[0.6427419397432202, 0.3386263666656547, 0.4016674786595844, 0.33862636666565454, 0.6427419397432206]",6.36535543093053,-4.348826552184368,2.016528878746161,1.1435297153639112e-14,qiskit,synthetic_line_7q_favorable,52,44,169,1.6473288000000008e-05,-20,True,9.531444097967484e-15,1e-10,logical exact + routed zero/3 random states,0.0067190339977969415
5,2.0,0.32,1,symmetry,7de03206f02d2dfb06ff8fec7ec1c961a0df99468448a5d7bd4645437427ed77,efab82df3ae9f9299d0990e151004f6ecb0a75f5667c774a848c1b6e3f6c585c,187,106,115,72,25,1.72,4,1.6,2,1,[2],0.19522572215647488,0.9834711212538392,3.3306690738754696e-16,1.1102230246251565e-16,0.012602030363361456,0.015187224497913003,0.13704429059783352,"[0.6427419397432202, 0.3386263666656547, 0.4016674786595844, 0.33862636666565454, 0.6427419397432206]",6.36535543093053,-4.348826552184368,2.016528878746161,1.1435297153639112e-14,basic,synthetic_line_7q_favorable,44,38,157,1.5131298000000012e-05,-18,True,8.863203219808405e-15,1e-10,logical exact + routed zero/3 random states,0.05359065700031351
5,2.0,0.32,1,symmetry,7de03206f02d2dfb06ff8fec7ec1c961a0df99468448a5d7bd4645437427ed77,efab82df3ae9f9299d0990e151004f6ecb0a75f5667c774a848c1b6e3f6c585c,187,106,115,72,25,1.72,4,1.6,2,1,[2],0.19522572215647488,0.9834711212538392,3.3306690738754696e-16,1.1102230246251565e-16,0.012602030363361456,0.015187224497913003,0.13704429059783352,"[0.6427419397432202, 0.3386263666656547, 0.4016674786595844, 0.33862636666565454, 0.6427419397432206]",6.36535543093053,-4.348826552184368,2.016528878746161,1.1435297153639112e-14,teleport,synthetic_line_7q_favorable,52,44,157,1.6227978000000008e-05,-20,True,4.295954340084481e-15,1e-10,logical exact + routed zero/3 random states,0.12738694000290707
5,2.0,0.32,2,current,28f1f78f43d6ba2a5e7a1885f2d5d9b1580d130799c28027df576db432f46124,8fce0abdbcb2e9a8f70c342ce15ae5cbd2d944a42e437502fede0d157c893389,373,268,229,144,25,1.72,4,1.6,2,1,[2],0.042568377452356025,0.5752904448386489,0.002161169689746556,1.1102230246251565e-16,0.001000601503215187,0.0015845926313363616,0.011989786449468298,"[0.7436367009705585, 0.3813363131191067, 0.2539498952926916, 0.37917514342936015, 0.7434978711906206]",6.723050038304375,-3.1477595934657274,3.575290444838649,1.7319479184152442e-14,qiskit,synthetic_line_7q_favorable,118,102,383,3.4963223999999976e-05,-26,True,1.4166529811139345e-14,1e-10,logical exact + routed zero/3 random states,0.01062443000409985
5,2.0,0.32,2,current,28f1f78f43d6ba2a5e7a1885f2d5d9b1580d130799c28027df576db432f46124,8fce0abdbcb2e9a8f70c342ce15ae5cbd2d944a42e437502fede0d157c893389,373,268,229,144,25,1.72,4,1.6,2,1,[2],0.042568377452356025,0.5752904448386489,0.002161169689746556,1.1102230246251565e-16,0.001000601503215187,0.0015845926313363616,0.011989786449468298,"[0.7436367009705585, 0.3813363131191067, 0.2539498952926916, 0.37917514342936015, 0.7434978711906206]",6.723050038304375,-3.1477595934657274,3.575290444838649,1.7319479184152442e-14,basic,synthetic_line_7q_favorable,94,78,340,3.154508999999997e-05,-30,True,3.438645868967074e-14,1e-10,logical exact + routed zero/3 random states,0.09789548099797685
5,2.0,0.32,2,current,28f1f78f43d6ba2a5e7a1885f2d5d9b1580d130799c28027df576db432f46124,8fce0abdbcb2e9a8f70c342ce15ae5cbd2d944a42e437502fede0d157c893389,373,268,229,144,25,1.72,4,1.6,2,1,[2],0.042568377452356025,0.5752904448386489,0.002161169689746556,1.1102230246251565e-16,0.001000601503215187,0.0015845926313363616,0.011989786449468298,"[0.7436367009705585, 0.3813363131191067, 0.2539498952926916, 0.37917514342936015, 0.7434978711906206]",6.723050038304375,-3.1477595934657274,3.575290444838649,1.7319479184152442e-14,teleport,synthetic_line_7q_favorable,104,90,317,2.8495253999999975e-05,-40,True,9.940071477204082e-15,1e-10,logical exact + routed zero/3 random states,0.25980161899497034
5,2.0,0.32,2,reversed,4b056bdaa03d6ce20fc02ad0f447a88acb2b010a88bba12fcc30259d58264ddb,f6aea3bf3166425d47f6c0e2ca7ee5cce8ec4676267e9d3a9230860146e5617e,373,268,229,144,25,1.72,4,1.6,2,1,[2],0.0460910871301452,0.3400249390922525,0.010336053460854644,1.1102230246251565e-16,0.0014603576994443746,0.004045551833995923,0.02474266976955114,"[0.7208288877498336, 0.3569722637822184, 0.28936585783130203, 0.3495164637822115, 0.7311649412106882]",6.575315699201896,-3.9153406382941487,2.6599750609077475,1.7763568394002505e-14,qiskit,synthetic_line_7q_favorable,120,104,391,3.687619799999998e-05,-24,True,1.0102085866699167e-14,1e-10,logical exact + routed zero/3 random states,0.007146353003918193
5,2.0,0.32,2,reversed,4b056bdaa03d6ce20fc02ad0f447a88acb2b010a88bba12fcc30259d58264ddb,f6aea3bf3166425d47f6c0e2ca7ee5cce8ec4676267e9d3a9230860146e5617e,373,268,229,144,25,1.72,4,1.6,2,1,[2],0.0460910871301452,0.3400249390922525,0.010336053460854644,1.1102230246251565e-16,0.0014603576994443746,0.004045551833995923,0.02474266976955114,"[0.7208288877498336, 0.3569722637822184, 0.28936585783130203, 0.3495164637822115, 0.7311649412106882]",6.575315699201896,-3.9153406382941487,2.6599750609077475,1.7763568394002505e-14,basic,synthetic_line_7q_favorable,104,88,374,3.482469599999997e-05,-28,True,1.2384617460990314e-14,1e-10,logical exact + routed zero/3 random states,0.09705152099922998
5,2.0,0.32,2,reversed,4b056bdaa03d6ce20fc02ad0f447a88acb2b010a88bba12fcc30259d58264ddb,f6aea3bf3166425d47f6c0e2ca7ee5cce8ec4676267e9d3a9230860146e5617e,373,268,229,144,25,1.72,4,1.6,2,1,[2],0.0460910871301452,0.3400249390922525,0.010336053460854644,1.1102230246251565e-16,0.0014603576994443746,0.004045551833995923,0.02474266976955114,"[0.7208288877498336, 0.3569722637822184, 0.28936585783130203, 0.3495164637822115, 0.7311649412106882]",6.575315699201896,-3.9153406382941487,2.6599750609077475,1.7763568394002505e-14,teleport,synthetic_line_7q_favorable,104,92,326,3.1836131999999965e-05,-40,True,1.3749743500039303e-14,1e-10,logical exact + routed zero/3 random states,0.2541436569954385
5,2.0,0.32,2,symmetry,e7157e43b073a17dfed7bba954b41531dc87a8c9744d5929d7afb6fd6103ff90,c2142e093ccb99940251960feda0c8e111c5304b305b2585b4176727240e142e,373,212,229,144,25,1.72,4,1.6,2,1,[2],0.0415574171009981,0.24186765113232545,1.1102230246251565e-16,1.1102230246251565e-16,0.001319104761768151,0.0039042988963196995,0.022954817721913157,"[0.7150399721669347, 0.3598495899086396, 0.28757800578366405, 0.3598495899086397, 0.7150399721669346]",6.564546001055846,-3.8064136521881724,2.7581323488676746,1.865174681370263e-14,qiskit,synthetic_line_7q_favorable,102,87,336,3.220132199999995e-05,-42,True,7.288703468612748e-14,1e-10,logical exact + routed zero/3 random states,0.007707860997470561
5,2.0,0.32,2,symmetry,e7157e43b073a17dfed7bba954b41531dc87a8c9744d5929d7afb6fd6103ff90,c2142e093ccb99940251960feda0c8e111c5304b305b2585b4176727240e142e,373,212,229,144,25,1.72,4,1.6,2,1,[2],0.0415574171009981,0.24186765113232545,1.1102230246251565e-16,1.1102230246251565e-16,0.001319104761768151,0.0039042988963196995,0.022954817721913157,"[0.7150399721669347, 0.3598495899086396, 0.28757800578366405, 0.3598495899086397, 0.7150399721669346]",6.564546001055846,-3.8064136521881724,2.7581323488676746,1.865174681370263e-14,basic,synthetic_line_7q_favorable,86,75,299,2.9293787999999947e-05,-38,True,9.467034220300156e-14,1e-10,logical exact + routed zero/3 random states,0.10168479300045874
5,2.0,0.32,2,symmetry,e7157e43b073a17dfed7bba954b41531dc87a8c9744d5929d7afb6fd6103ff90,c2142e093ccb99940251960feda0c8e111c5304b305b2585b4176727240e142e,373,212,229,144,25,1.72,4,1.6,2,1,[2],0.0415574171009981,0.24186765113232545,1.1102230246251565e-16,1.1102230246251565e-16,0.001319104761768151,0.0039042988963196995,0.022954817721913157,"[0.7150399721669347, 0.3598495899086396, 0.28757800578366405, 0.3598495899086397, 0.7150399721669346]",6.564546001055846,-3.8064136521881724,2.7581323488676746,1.865174681370263e-14,teleport,synthetic_line_7q_favorable,102,87,319,3.172246799999995e-05,-42,True,2.6427331072074458e-14,1e-10,logical exact + routed zero/3 random states,0.26974754899856634
5,2.0,0.32,4,current,389a59f817066baefefbbed85d156ddd45136fd02a32fd975ac377f747bf0dd1,495a1a0380964ce3d87e9e0df5d5d4a019d919b5ff9cd004d857e037c784d1c0,745,536,457,288,25,1.72,4,1.6,2,1,[2],0.010920968037374381,0.13604433839391206,0.0006208114776777851,1.1102230246251565e-16,0.0002965232702271188,0.0022886708643244298,0.0029658337659971834,"[0.7361334110919641, 0.3723123604356356, 0.2617707195132591, 0.3716915489579578, 0.7360859444923736]",6.656582876747538,-3.520538538353626,3.136044338393912,4.1744385725905886e-14,qiskit,synthetic_line_7q_favorable,234,202,745,6.895164599999999e-05,-54,True,6.589450148871922e-14,1e-10,logical exact + routed zero/3 random states,0.010310486002708785
5,2.0,0.32,4,current,389a59f817066baefefbbed85d156ddd45136fd02a32fd975ac377f747bf0dd1,495a1a0380964ce3d87e9e0df5d5d4a019d919b5ff9cd004d857e037c784d1c0,745,536,457,288,25,1.72,4,1.6,2,1,[2],0.010920968037374381,0.13604433839391206,0.0006208114776777851,1.1102230246251565e-16,0.0002965232702271188,0.0022886708643244298,0.0029658337659971834,"[0.7361334110919641, 0.3723123604356356, 0.2617707195132591, 0.3716915489579578, 0.7360859444923736]",6.656582876747538,-3.520538538353626,3.136044338393912,4.1744385725905886e-14,basic,synthetic_line_7q_favorable,186,154,696,6.289082400000002e-05,-62,True,3.034206215364678e-14,1e-10,logical exact + routed zero/3 random states,0.1993123879947234
5,2.0,0.32,4,current,389a59f817066baefefbbed85d156ddd45136fd02a32fd975ac377f747bf0dd1,495a1a0380964ce3d87e9e0df5d5d4a019d919b5ff9cd004d857e037c784d1c0,745,536,457,288,25,1.72,4,1.6,2,1,[2],0.010920968037374381,0.13604433839391206,0.0006208114776777851,1.1102230246251565e-16,0.0002965232702271188,0.0022886708643244298,0.0029658337659971834,"[0.7361334110919641, 0.3723123604356356, 0.2617707195132591, 0.3716915489579578, 0.7360859444923736]",6.656582876747538,-3.520538538353626,3.136044338393912,4.1744385725905886e-14,teleport,synthetic_line_7q_favorable,200,174,614,5.536857600000001e-05,-88,True,2.0929765334728674e-14,1e-10,logical exact + routed zero/3 random states,0.6191744819952874
5,2.0,0.32,4,reversed,07e54705e82ad8fec35cd78cdb1270025d1cbaf9126a741ae8c37858ec59befa,8623efa9ff8099b86bea9ddfaf9dfaf6629b3c2abefbe81a2f3706bb6dd0bd32,745,536,457,288,25,1.72,4,1.6,2,1,[2],0.011049610135030485,0.08357937618585742,0.0026840712238198616,1.1102230246251565e-16,0.0002987124904569342,0.002883906625008483,0.0057691976447410975,"[0.730496164404238, 0.36639390017571205, 0.270392385706492, 0.3643133782528746, 0.7331802356280579]",6.620444020172255,-3.704023396358111,2.9164206238141426,4.085620730620576e-14,qiskit,synthetic_line_7q_favorable,236,204,754,7.083020999999996e-05,-52,True,7.138151826578456e-14,1e-10,logical exact + routed zero/3 random states,0.011195273997145705
5,2.0,0.32,4,reversed,07e54705e82ad8fec35cd78cdb1270025d1cbaf9126a741ae8c37858ec59befa,8623efa9ff8099b86bea9ddfaf9dfaf6629b3c2abefbe81a2f3706bb6dd0bd32,745,536,457,288,25,1.72,4,1.6,2,1,[2],0.011049610135030485,0.08357937618585742,0.0026840712238198616,1.1102230246251565e-16,0.0002987124904569342,0.002883906625008483,0.0057691976447410975,"[0.730496164404238, 0.36639390017571205, 0.270392385706492, 0.3643133782528746, 0.7331802356280579]",6.620444020172255,-3.704023396358111,2.9164206238141426,4.085620730620576e-14,basic,synthetic_line_7q_favorable,196,164,734,6.6128916e-05,-60,True,4.158662687001463e-14,1e-10,logical exact + routed zero/3 random states,0.18752879899693653
5,2.0,0.32,4,reversed,07e54705e82ad8fec35cd78cdb1270025d1cbaf9126a741ae8c37858ec59befa,8623efa9ff8099b86bea9ddfaf9dfaf6629b3c2abefbe81a2f3706bb6dd0bd32,745,536,457,288,25,1.72,4,1.6,2,1,[2],0.011049610135030485,0.08357937618585742,0.0026840712238198616,1.1102230246251565e-16,0.0002987124904569342,0.002883906625008483,0.0057691976447410975,"[0.730496164404238, 0.36639390017571205, 0.270392385706492, 0.3643133782528746, 0.7331802356280579]",6.620444020172255,-3.704023396358111,2.9164206238141426,4.085620730620576e-14,teleport,synthetic_line_7q_favorable,198,173,621,5.789515800000002e-05,-90,True,2.751785807984166e-14,1e-10,logical exact + routed zero/3 random states,0.5155627370040747
5,2.0,0.32,4,symmetry,712a5565578d77131ae8be479c27a815edb90264c9d5ca3f98eeb04cce25ab39,c36dcb5ed5e24592bac07f2e2a1f25c337f7115b6a7b2da1a41f3a60b50299e2,745,424,457,288,25,1.72,4,1.6,2,1,[2],0.009900228123026315,0.06089162275408988,4.440892098500626e-16,1.1102230246251565e-16,0.0002713699190103982,0.0028565640535619468,0.005108252194230611,"[0.7288815913061436, 0.36689870078601644, 0.2697314402559815, 0.3668987007860168, 0.7288815913061432]",6.615910197405364,-3.676801820159454,2.93910837724591,4.1744385725905886e-14,qiskit,synthetic_line_7q_favorable,202,173,632,6.284220599999998e-05,-86,True,1.2268254847487537e-13,1e-10,logical exact + routed zero/3 random states,0.008706209999218117
5,2.0,0.32,4,symmetry,712a5565578d77131ae8be479c27a815edb90264c9d5ca3f98eeb04cce25ab39,c36dcb5ed5e24592bac07f2e2a1f25c337f7115b6a7b2da1a41f3a60b50299e2,745,424,457,288,25,1.72,4,1.6,2,1,[2],0.009900228123026315,0.06089162275408988,4.440892098500626e-16,1.1102230246251565e-16,0.0002713699190103982,0.0028565640535619468,0.005108252194230611,"[0.7288815913061436, 0.36689870078601644, 0.2697314402559815, 0.3668987007860168, 0.7288815913061432]",6.615910197405364,-3.676801820159454,2.93910837724591,4.1744385725905886e-14,basic,synthetic_line_7q_favorable,170,149,571,5.7142355999999997e-05,-78,True,1.1578444628440797e-13,1e-10,logical exact + routed zero/3 random states,0.18240099000104237
5,2.0,0.32,4,symmetry,712a5565578d77131ae8be479c27a815edb90264c9d5ca3f98eeb04cce25ab39,c36dcb5ed5e24592bac07f2e2a1f25c337f7115b6a7b2da1a41f3a60b50299e2,745,424,457,288,25,1.72,4,1.6,2,1,[2],0.009900228123026315,0.06089162275408988,4.440892098500626e-16,1.1102230246251565e-16,0.0002713699190103982,0.0028565640535619468,0.005108252194230611,"[0.7288815913061436, 0.36689870078601644, 0.2697314402559815, 0.3668987007860168, 0.7288815913061432]",6.615910197405364,-3.676801820159454,2.93910837724591,4.1744385725905886e-14,teleport,synthetic_line_7q_favorable,202,173,611,6.2676372e-05,-86,True,8.767026942319395e-14,1e-10,logical exact + routed zero/3 random states,0.514717516998644
7,2.0,0.32,1,current,9f45385bb2c3c03bdfef9e696e5158f2ce7b6cbc86b8d6fa50f8ff81021d4a93,035b69550ac1b92dc8ed09c1c7c69b8bf88dfd7e29b293a3d271b866fbc00546,283,206,171,112,37,1.7567567567567568,6,1.7142857142857142,2,1,[3],0.21780275631197862,5.370996101683275,0.06323525287249648,1.1102230246251565e-16,0.0015254380040629926,8.612381553522396e-06,0.09519141675998499,"[0.6688636850866728, 0.5799816946482699, 0.457094288393736, 0.23707938378157964, 0.3938590355212395, 0.6336109880828545, 0.64643696949455]",9.323596036264624,-0.9525999345813466,8.370996101683275,1.7985612998927536e-14,qiskit,synthetic_line_9q_favorable,100,84,359,4.1961108000000016e-05,-12,True,6.391079144600093e-15,1e-10,logical exact + routed zero/3 random states,0.00721387399971718
7,2.0,0.32,1,current,9f45385bb2c3c03bdfef9e696e5158f2ce7b6cbc86b8d6fa50f8ff81021d4a93,035b69550ac1b92dc8ed09c1c7c69b8bf88dfd7e29b293a3d271b866fbc00546,283,206,171,112,37,1.7567567567567568,6,1.7142857142857142,2,1,[3],0.21780275631197862,5.370996101683275,0.06323525287249648,1.1102230246251565e-16,0.0015254380040629926,8.612381553522396e-06,0.09519141675998499,"[0.6688636850866728, 0.5799816946482699, 0.457094288393736, 0.23707938378157964, 0.3938590355212395, 0.6336109880828545, 0.64643696949455]",9.323596036264624,-0.9525999345813466,8.370996101683275,1.7985612998927536e-14,basic,synthetic_line_9q_favorable,76,60,270,3.0007074000000022e-05,-22,True,5.908194141892217e-15,1e-10,logical exact + routed zero/3 random states,0.14262862499890616
7,2.0,0.32,1,current,9f45385bb2c3c03bdfef9e696e5158f2ce7b6cbc86b8d6fa50f8ff81021d4a93,035b69550ac1b92dc8ed09c1c7c69b8bf88dfd7e29b293a3d271b866fbc00546,283,206,171,112,37,1.7567567567567568,6,1.7142857142857142,2,1,[3],0.21780275631197862,5.370996101683275,0.06323525287249648,1.1102230246251565e-16,0.0015254380040629926,8.612381553522396e-06,0.09519141675998499,"[0.6688636850866728, 0.5799816946482699, 0.457094288393736, 0.23707938378157964, 0.3938590355212395, 0.6336109880828545, 0.64643696949455]",9.323596036264624,-0.9525999345813466,8.370996101683275,1.7985612998927536e-14,teleport,synthetic_line_9q_favorable,94,77,328,3.8491248000000006e-05,-18,True,3.778047722943309e-15,1e-10,logical exact + routed zero/3 random states,0.40402424700005213
7,2.0,0.32,1,reversed,e57eeb6e44fb9e2ef322756e0fe52f51c05334422e77dfbf11a73a475241ddc0,0087748648a4f855caa51c0ab5eb46426fb1f6dbce7bd1b71fc81102ea420ac2,283,206,171,112,37,1.7567567567567568,6,1.7142857142857142,2,1,[3],0.23823843406933526,3.1672920961323654,0.018484280050933055,1.1102230246251565e-16,0.006413316985563121,0.007947367371179636,0.1345468047498365,"[0.6030494783357356, 0.440942170447163, 0.36321230577569585, 0.40303059763481786, 0.37237438189033994, 0.4305109988283403, 0.5845651982848026]",8.280210362193943,-8.44750245832631,-0.16729209613236537,1.8540724511240114e-14,qiskit,synthetic_line_9q_favorable,102,86,358,4.128334200000008e-05,-10,True,5.329955876429366e-15,1e-10,logical exact + routed zero/3 random states,0.0070547270006500185
7,2.0,0.32,1,reversed,e57eeb6e44fb9e2ef322756e0fe52f51c05334422e77dfbf11a73a475241ddc0,0087748648a4f855caa51c0ab5eb46426fb1f6dbce7bd1b71fc81102ea420ac2,283,206,171,112,37,1.7567567567567568,6,1.7142857142857142,2,1,[3],0.23823843406933526,3.1672920961323654,0.018484280050933055,1.1102230246251565e-16,0.006413316985563121,0.007947367371179636,0.1345468047498365,"[0.6030494783357356, 0.440942170447163, 0.36321230577569585, 0.40303059763481786, 0.37237438189033994, 0.4305109988283403, 0.5845651982848026]",8.280210362193943,-8.44750245832631,-0.16729209613236537,1.8540724511240114e-14,basic,synthetic_line_9q_favorable,94,78,331,3.743919000000006e-05,-16,True,7.230061074676534e-15,1e-10,logical exact + routed zero/3 random states,0.16701829600060591
7,2.0,0.32,1,reversed,e57eeb6e44fb9e2ef322756e0fe52f51c05334422e77dfbf11a73a475241ddc0,0087748648a4f855caa51c0ab5eb46426fb1f6dbce7bd1b71fc81102ea420ac2,283,206,171,112,37,1.7567567567567568,6,1.7142857142857142,2,1,[3],0.23823843406933526,3.1672920961323654,0.018484280050933055,1.1102230246251565e-16,0.006413316985563121,0.007947367371179636,0.1345468047498365,"[0.6030494783357356, 0.440942170447163, 0.36321230577569585, 0.40303059763481786, 0.37237438189033994, 0.4305109988283403, 0.5845651982848026]",8.280210362193943,-8.44750245832631,-0.16729209613236537,1.8540724511240114e-14,teleport,synthetic_line_9q_favorable,92,82,330,3.957949200000007e-05,-20,True,3.989109695846874e-15,1e-10,logical exact + routed zero/3 random states,0.2906229850050295
7,2.0,0.32,1,symmetry,6bc46df00e9f0214886d6459ba650c31ebbe5629495e25139606ca1428c88981,4288b09801aa15c08bfad8d7b7bdf8945e317cd8f3c001b3686bcaef99bde1c3,283,144,171,112,37,1.7567567567567568,6,1.7142857142857142,2,1,[3],0.24297633478969421,2.2411270322411885,2.220446049250313e-16,1.1102230246251565e-16,0.011896639672535186,0.0134306900581517,0.13518446616344348,"[0.515011762009821, 0.42454158543836873, 0.3726963721226965, 0.40366825904842485, 0.37269637212269663, 0.42454158543836873, 0.5150117620098212]",7.963924191313798,-7.205051223554988,0.7588729677588116,1.8540724511240114e-14,qiskit,synthetic_line_9q_favorable,78,60,270,2.8743894000000008e-05,-34,True,6.7174856775903425e-15,1e-10,logical exact + routed zero/3 random states,0.009139021996816155
7,2.0,0.32,1,symmetry,6bc46df00e9f0214886d6459ba650c31ebbe5629495e25139606ca1428c88981,4288b09801aa15c08bfad8d7b7bdf8945e317cd8f3c001b3686bcaef99bde1c3,283,144,171,112,37,1.7567567567567568,6,1.7142857142857142,2,1,[3],0.24297633478969421,2.2411270322411885,2.220446049250313e-16,1.1102230246251565e-16,0.011896639672535186,0.0134306900581517,0.13518446616344348,"[0.515011762009821, 0.42454158543836873, 0.3726963721226965, 0.40366825904842485, 0.37269637212269663, 0.42454158543836873, 0.5150117620098212]",7.963924191313798,-7.205051223554988,0.7588729677588116,1.8540724511240114e-14,basic,synthetic_line_9q_favorable,64,48,207,2.2268154000000016e-05,-30,True,4.377138754912695e-15,1e-10,logical exact + routed zero/3 random states,0.1621976390015334
7,2.0,0.32,1,symmetry,6bc46df00e9f0214886d6459ba650c31ebbe5629495e25139606ca1428c88981,4288b09801aa15c08bfad8d7b7bdf8945e317cd8f3c001b3686bcaef99bde1c3,283,144,171,112,37,1.7567567567567568,6,1.7142857142857142,2,1,[3],0.24297633478969421,2.2411270322411885,2.220446049250313e-16,1.1102230246251565e-16,0.011896639672535186,0.0134306900581517,0.13518446616344348,"[0.515011762009821, 0.42454158543836873, 0.3726963721226965, 0.40366825904842485, 0.37269637212269663, 0.42454158543836873, 0.5150117620098212]",7.963924191313798,-7.205051223554988,0.7588729677588116,1.8540724511240114e-14,teleport,synthetic_line_9q_favorable,78,60,264,2.8730130000000007e-05,-34,True,4.477173088141931e-15,1e-10,logical exact + routed zero/3 random states,0.22099680700193858
7,2.0,0.32,2,current,4903a865e758b557eb081c62c8665e6e6231d0ad1ab82458a768295c0351a345,068c092912efb5ce8aac3de595ecc29d58525f1c9085159b7e774cac35d03034,565,412,341,224,37,1.7567567567567568,6,1.7142857142857142,2,1,[3],0.06720690349602126,1.020286523649597,0.015818056356864896,1.1102230246251565e-16,0.0009288405937167534,0.0006052097918997616,0.02927723608097066,"[0.6382292146870513, 0.5563051030645805, 0.4174100995573564, 0.25824409721649394, 0.4015920432004915, 0.5676968074038402, 0.6331762074829326]",8.952986462239704,-4.932699938590106,4.020286523649597,2.808864252301646e-14,qiskit,synthetic_line_9q_favorable,198,166,708,8.088014999999993e-05,-26,True,2.2550529802554406e-14,1e-10,logical exact + routed zero/3 random states,0.008910937001928687
7,2.0,0.32,2,current,4903a865e758b557eb081c62c8665e6e6231d0ad1ab82458a768295c0351a345,068c092912efb5ce8aac3de595ecc29d58525f1c9085159b7e774cac35d03034,565,412,341,224,37,1.7567567567567568,6,1.7142857142857142,2,1,[3],0.06720690349602126,1.020286523649597,0.015818056356864896,1.1102230246251565e-16,0.0009288405937167534,0.0006052097918997616,0.02927723608097066,"[0.6382292146870513, 0.5563051030645805, 0.4174100995573564, 0.25824409721649394, 0.4015920432004915, 0.5676968074038402, 0.6331762074829326]",8.952986462239704,-4.932699938590106,4.020286523649597,2.808864252301646e-14,basic,synthetic_line_9q_favorable,150,118,525,5.6839770000000056e-05,-46,True,2.085087163326731e-14,1e-10,logical exact + routed zero/3 random states,0.27273329800664214
7,2.0,0.32,2,current,4903a865e758b557eb081c62c8665e6e6231d0ad1ab82458a768295c0351a345,068c092912efb5ce8aac3de595ecc29d58525f1c9085159b7e774cac35d03034,565,412,341,224,37,1.7567567567567568,6,1.7142857142857142,2,1,[3],0.06720690349602126,1.020286523649597,0.015818056356864896,1.1102230246251565e-16,0.0009288405937167534,0.0006052097918997616,0.02927723608097066,"[0.6382292146870513, 0.5563051030645805, 0.4174100995573564, 0.25824409721649394, 0.4015920432004915, 0.5676968074038402, 0.6331762074829326]",8.952986462239704,-4.932699938590106,4.020286523649597,2.808864252301646e-14,teleport,synthetic_line_9q_favorable,180,154,648,7.526488199999991e-05,-44,True,1.8284032837147872e-14,1e-10,logical exact + routed zero/3 random states,0.6436991279988433
7,2.0,0.32,2,reversed,d9390484d2bff6638fc923ce31b61f3573de0758c17050ab220a3379d5319b67,ab8992d0a8fae28c4dcad5410c69b85b1e1c32d5d2f3fce101488fffb054228d,565,412,341,224,37,1.7567567567567568,6,1.7142857142857142,2,1,[3],0.0475193448780613,0.6204044595159215,0.006872469672543624,1.1102230246251565e-16,0.00042824837281538034,0.0019622987584318953,0.025285706564592392,"[0.6221973683973522, 0.5201923091320032, 0.40052871653312877, 0.29376949944957376, 0.39927148302847415, 0.5201851180073022, 0.6153248987248086]",8.711379167825584,-6.331783627341505,2.3795955404840785,2.653433028854124e-14,qiskit,synthetic_line_9q_favorable,200,168,709,8.026809600000003e-05,-24,True,2.4352639076621208e-14,1e-10,logical exact + routed zero/3 random states,0.008347107002919074
7,2.0,0.32,2,reversed,d9390484d2bff6638fc923ce31b61f3573de0758c17050ab220a3379d5319b67,ab8992d0a8fae28c4dcad5410c69b85b1e1c32d5d2f3fce101488fffb054228d,565,412,341,224,37,1.7567567567567568,6,1.7142857142857142,2,1,[3],0.0475193448780613,0.6204044595159215,0.006872469672543624,1.1102230246251565e-16,0.00042824837281538034,0.0019622987584318953,0.025285706564592392,"[0.6221973683973522, 0.5201923091320032, 0.40052871653312877, 0.29376949944957376, 0.39927148302847415, 0.5201851180073022, 0.6153248987248086]",8.711379167825584,-6.331783627341505,2.3795955404840785,2.653433028854124e-14,basic,synthetic_line_9q_favorable,168,136,590,6.443705400000008e-05,-40,True,1.2946005020563053e-14,1e-10,logical exact + routed zero/3 random states,0.25413475099776406
7,2.0,0.32,2,reversed,d9390484d2bff6638fc923ce31b61f3573de0758c17050ab220a3379d5319b67,ab8992d0a8fae28c4dcad5410c69b85b1e1c32d5d2f3fce101488fffb054228d,565,412,341,224,37,1.7567567567567568,6,1.7142857142857142,2,1,[3],0.0475193448780613,0.6204044595159215,0.006872469672543624,1.1102230246251565e-16,0.00042824837281538034,0.0019622987584318953,0.025285706564592392,"[0.6221973683973522, 0.5201923091320032, 0.40052871653312877, 0.29376949944957376, 0.39927148302847415, 0.5201851180073022, 0.6153248987248086]",8.711379167825584,-6.331783627341505,2.3795955404840785,2.653433028854124e-14,teleport,synthetic_line_9q_favorable,176,156,644,7.503888600000007e-05,-48,True,1.685449223388832e-14,1e-10,logical exact + routed zero/3 random states,0.5312292809976498
7,2.0,0.32,2,symmetry,d4864b95e0e29bf56e8de6557452dbeb164cf83fb2845ecf3521138d872f7970,45f041e1e3b592dd6d805d6bcb77fed0f0c441bd9ee14cd36664b6c7c6865d46,565,288,341,224,37,1.7567567567567568,6,1.7142857142857142,2,1,[3],0.05395744277682103,0.5569606351453795,4.440892098500626e-16,1.1102230246251565e-16,0.00113352478552402,0.002667575171140535,0.024436221429160576,"[0.59724232829019, 0.5139833498937091, 0.3966267934773806, 0.2917543031183275, 0.3966267934773807, 0.513983349893709, 0.5972423282901904]",8.578917983318014,-6.1358786184633916,2.4430393648546205,2.864375403532904e-14,qiskit,synthetic_line_9q_favorable,154,119,515,5.682911400000003e-05,-70,True,2.662645999486643e-14,1e-10,logical exact + routed zero/3 random states,0.008791072003077716
7,2.0,0.32,2,symmetry,d4864b95e0e29bf56e8de6557452dbeb164cf83fb2845ecf3521138d872f7970,45f041e1e3b592dd6d805d6bcb77fed0f0c441bd9ee14cd36664b6c7c6865d46,565,288,341,224,37,1.7567567567567568,6,1.7142857142857142,2,1,[3],0.05395744277682103,0.5569606351453795,4.440892098500626e-16,1.1102230246251565e-16,0.00113352478552402,0.002667575171140535,0.024436221429160576,"[0.59724232829019, 0.5139833498937091, 0.3966267934773806, 0.2917543031183275, 0.3966267934773807, 0.513983349893709, 0.5972423282901904]",8.578917983318014,-6.1358786184633916,2.4430393648546205,2.864375403532904e-14,basic,synthetic_line_9q_favorable,126,95,385,4.3762194000000016e-05,-62,True,5.855915059108918e-14,1e-10,logical exact + routed zero/3 random states,0.30986636399757117
7,2.0,0.32,2,symmetry,d4864b95e0e29bf56e8de6557452dbeb164cf83fb2845ecf3521138d872f7970,45f041e1e3b592dd6d805d6bcb77fed0f0c441bd9ee14cd36664b6c7c6865d46,565,288,341,224,37,1.7567567567567568,6,1.7142857142857142,2,1,[3],0.05395744277682103,0.5569606351453795,4.440892098500626e-16,1.1102230246251565e-16,0.00113352478552402,0.002667575171140535,0.024436221429160576,"[0.59724232829019, 0.5139833498937091, 0.3966267934773806, 0.2917543031183275, 0.3966267934773807, 0.513983349893709, 0.5972423282901904]",8.578917983318014,-6.1358786184633916,2.4430393648546205,2.864375403532904e-14,teleport,synthetic_line_9q_favorable,154,119,509,5.6742978000000036e-05,-70,True,6.025060518742495e-14,1e-10,logical exact + routed zero/3 random states,0.569571301995893
7,2.0,0.32,4,current,bd0016900c07b55d874b361db667e83cde528a2708095218eed39416a6976aae,f1b19073fbe7622b29969cdb95ac3f758b741a7b898eacaa33a5fee408d57341,1129,824,681,448,37,1.7567567567567568,6,1.7142857142857142,2,1,[3],0.0169138707743519,0.2404135887992318,0.003986308492168467,1.1102230246251565e-16,0.00028316493750747836,0.0012508854481090366,0.007412027412670219,"[0.6237440354583149, 0.5431627802545218, 0.40900347753118155, 0.26590883420009187, 0.4050171690390131, 0.5458315987355398, 0.6224495736606034]",8.804564488320942,-5.56415089952171,3.240413588799232,6.372680161348399e-14,qiskit,synthetic_line_9q_favorable,394,330,1417,0.00015904679399999938,-54,True,2.884851295003784e-14,1e-10,logical exact + routed zero/3 random states,0.014830372005235404
7,2.0,0.32,4,current,bd0016900c07b55d874b361db667e83cde528a2708095218eed39416a6976aae,f1b19073fbe7622b29969cdb95ac3f758b741a7b898eacaa33a5fee408d57341,1129,824,681,448,37,1.7567567567567568,6,1.7142857142857142,2,1,[3],0.0169138707743519,0.2404135887992318,0.003986308492168467,1.1102230246251565e-16,0.00028316493750747836,0.0012508854481090366,0.007412027412670219,"[0.6237440354583149, 0.5431627802545218, 0.40900347753118155, 0.26590883420009187, 0.4050171690390131, 0.5458315987355398, 0.6224495736606034]",8.804564488320942,-5.56415089952171,3.240413588799232,6.372680161348399e-14,basic,synthetic_line_9q_favorable,298,234,1060,0.0001111320899999999,-94,True,2.554955009732012e-14,1e-10,logical exact + routed zero/3 random states,0.5344286119943717
7,2.0,0.32,4,current,bd0016900c07b55d874b361db667e83cde528a2708095218eed39416a6976aae,f1b19073fbe7622b29969cdb95ac3f758b741a7b898eacaa33a5fee408d57341,1129,824,681,448,37,1.7567567567567568,6,1.7142857142857142,2,1,[3],0.0169138707743519,0.2404135887992318,0.003986308492168467,1.1102230246251565e-16,0.00028316493750747836,0.0012508854481090366,0.007412027412670219,"[0.6237440354583149, 0.5431627802545218, 0.40900347753118155, 0.26590883420009187, 0.4050171690390131, 0.5458315987355398, 0.6224495736606034]",8.804564488320942,-5.56415089952171,3.240413588799232,6.372680161348399e-14,teleport,synthetic_line_9q_favorable,348,302,1236,0.0001454497379999994,-100,True,2.385716552365715e-14,1e-10,logical exact + routed zero/3 random states,1.6382936910013086
7,2.0,0.32,4,reversed,cf017190e2be29880a5a7eb9b42ca38d4d3ab16e7109ab8c91ded13f7e108172,651478d4ba544a3ecfbf0a6d466afd1a2e5b4ee72a246f2dd0fe274a7c0aaa31,1129,824,681,448,37,1.7567567567567568,6,1.7142857142857142,2,1,[3],0.0113122977894159,0.1472443443962872,0.0018192551770943588,1.1102230246251565e-16,7.954000060690636e-05,0.0016135903862234213,0.005827681214175207,"[0.6197252090232296, 0.5341626035150222, 0.4051338927546173, 0.27431147409915657, 0.404606322144955, 0.5343141701287143, 0.6179059538461352]",8.745533498704633,-5.89277784310092,2.852755655603713,6.261657858885883e-14,qiskit,synthetic_line_9q_favorable,396,332,1415,0.0001583690279999994,-52,True,2.6559435611019816e-14,1e-10,logical exact + routed zero/3 random states,0.012047511998389382
7,2.0,0.32,4,reversed,cf017190e2be29880a5a7eb9b42ca38d4d3ab16e7109ab8c91ded13f7e108172,651478d4ba544a3ecfbf0a6d466afd1a2e5b4ee72a246f2dd0fe274a7c0aaa31,1129,824,681,448,37,1.7567567567567568,6,1.7142857142857142,2,1,[3],0.0113122977894159,0.1472443443962872,0.0018192551770943588,1.1102230246251565e-16,7.954000060690636e-05,0.0016135903862234213,0.005827681214175207,"[0.6197252090232296, 0.5341626035150222, 0.4051338927546173, 0.27431147409915657, 0.404606322144955, 0.5343141701287143, 0.6179059538461352]",8.745533498704633,-5.89277784310092,2.852755655603713,6.261657858885883e-14,basic,synthetic_line_9q_favorable,316,252,1118,0.00011852091599999978,-88,True,2.8196850881648803e-14,1e-10,logical exact + routed zero/3 random states,0.5481578309991164
7,2.0,0.32,4,reversed,cf017190e2be29880a5a7eb9b42ca38d4d3ab16e7109ab8c91ded13f7e108172,651478d4ba544a3ecfbf0a6d466afd1a2e5b4ee72a246f2dd0fe274a7c0aaa31,1129,824,681,448,37,1.7567567567567568,6,1.7142857142857142,2,1,[3],0.0113122977894159,0.1472443443962872,0.0018192551770943588,1.1102230246251565e-16,7.954000060690636e-05,0.0016135903862234213,0.005827681214175207,"[0.6197252090232296, 0.5341626035150222, 0.4051338927546173, 0.27431147409915657, 0.404606322144955, 0.5343141701287143, 0.6179059538461352]",8.745533498704633,-5.89277784310092,2.852755655603713,6.261657858885883e-14,teleport,synthetic_line_9q_favorable,342,301,1226,0.0001438366859999996,-106,True,2.907404908831118e-14,1e-10,logical exact + routed zero/3 random states,1.2933805299981032
7,2.0,0.32,4,symmetry,53a5036c82554fda5d4b080908b0671d8bf8246c3d766ef779e60328c8475ab0,518a52c8437dca79f11ff77503cf7e4c612c57a16ca8470f3b7941e2a6e30265,1129,576,681,448,37,1.7567567567567568,6,1.7142857142857142,2,1,[3],0.013054077876641885,0.13917659801739113,3.3306690738754696e-16,1.1102230246251565e-16,0.0002277109600995128,0.0017617613457160278,0.005857333793502062,"[0.613467165687429, 0.5325622375293678, 0.4038658326746583, 0.2736929459198382, 0.4038658326746583, 0.5325622375293675, 0.6134671656874292]",8.710876857884854,-5.850053455902246,2.860823401982609,5.972999872483342e-14,qiskit,synthetic_line_9q_favorable,306,237,1007,0.00011305549799999967,-142,True,6.637725452998919e-14,1e-10,logical exact + routed zero/3 random states,0.011567730995011516
7,2.0,0.32,4,symmetry,53a5036c82554fda5d4b080908b0671d8bf8246c3d766ef779e60328c8475ab0,518a52c8437dca79f11ff77503cf7e4c612c57a16ca8470f3b7941e2a6e30265,1129,576,681,448,37,1.7567567567567568,6,1.7142857142857142,2,1,[3],0.013054077876641885,0.13917659801739113,3.3306690738754696e-16,1.1102230246251565e-16,0.0002277109600995128,0.0017617613457160278,0.005857333793502062,"[0.613467165687429, 0.5325622375293678, 0.4038658326746583, 0.2736929459198382, 0.4038658326746583, 0.5325622375293675, 0.6134671656874292]",8.710876857884854,-5.850053455902246,2.860823401982609,5.972999872483342e-14,basic,synthetic_line_9q_favorable,250,189,791,8.774838599999988e-05,-126,True,4.420933980675907e-14,1e-10,logical exact + routed zero/3 random states,0.6367846220018691
7,2.0,0.32,4,symmetry,53a5036c82554fda5d4b080908b0671d8bf8246c3d766ef779e60328c8475ab0,518a52c8437dca79f11ff77503cf7e4c612c57a16ca8470f3b7941e2a6e30265,1129,576,681,448,37,1.7567567567567568,6,1.7142857142857142,2,1,[3],0.013054077876641885,0.13917659801739113,3.3306690738754696e-16,1.1102230246251565e-16,0.0002277109600995128,0.0017617613457160278,0.005857333793502062,"[0.613467165687429, 0.5325622375293678, 0.4038658326746583, 0.2736929459198382, 0.4038658326746583, 0.5325622375293675, 0.6134671656874292]",8.710876857884854,-5.850053455902246,2.860823401982609,5.972999872483342e-14,teleport,synthetic_line_9q_favorable,306,237,995,0.00011290986599999968,-142,True,4.4971418386101224e-14,1e-10,logical exact + routed zero/3 random states,1.2519458339957055
