method,time,bitstring_q4_to_q0,probability
exact,0.0,00000,5.8259380817713885e-33
exact,0.0,00001,0.0
exact,0.0,00010,6.933347799794049e-33
exact,0.0,00011,3.2548216060144286e-32
exact,0.0,00100,0.9999999999999982
exact,0.0,00101,7.703719777548943e-34
exact,0.0,00110,1.560003254953661e-32
exact,0.0,00111,6.161659268366234e-33
exact,0.0,01000,0.0
exact,0.0,01001,1.232595164407831e-32
exact,0.0,01010,4.8148248609680896e-33
exact,0.0,01011,4.3333423748712807e-32
exact,0.0,01100,1.560003254953661e-32
exact,0.0,01101,1.232595164407831e-32
exact,0.0,01110,3.0814879110195774e-33
exact,0.0,01111,3.5100073236457373e-32
exact,0.0,10000,1.232595164407831e-32
exact,0.0,10001,1.9259299443872359e-32
exact,0.0,10010,1.232595164407831e-32
exact,0.0,10011,1.9259299443872359e-32
exact,0.0,10100,4.8148248609680896e-33
exact,0.0,10101,1.232595164407831e-32
exact,0.0,10110,6.933347799794049e-33
exact,0.0,10111,5.308344409217319e-33
exact,0.0,11000,4.930380657631324e-32
exact,0.0,11001,1.830837153383116e-32
exact,0.0,11010,2.7733391199176196e-32
exact,0.0,11011,8.137054015036071e-33
exact,0.0,11100,8.856456557739311e-33
exact,0.0,11101,4.8148248609680896e-33
exact,0.0,11110,5.8259380817713885e-33
exact,0.0,11111,3.317715255760824e-32
strang_r2,0.0,00000,8.099609235466998e-33
strang_r2,0.0,00001,1.5765728937679283e-66
strang_r2,0.0,00010,7.381944385907703e-67
strang_r2,0.0,00011,1.8563519033568432e-100
strang_r2,0.0,00100,0.9999999999999796
strang_r2,0.0,00101,3.5059588681315916e-35
strang_r2,0.0,00110,6.234774011996126e-34
strang_r2,0.0,00111,4.748576774853755e-68
strang_r2,0.0,01000,3.538974900880065e-67
strang_r2,0.0,01001,1.3930182400813336e-100
strang_r2,0.0,01010,2.6527452405609714e-100
strang_r2,0.0,01011,5.563757966163464e-134
strang_r2,0.0,01100,2.3833993906724315e-34
strang_r2,0.0,01101,2.334829990461319e-68
strang_r2,0.0,01110,4.886118695416959e-68
strang_r2,0.0,01111,3.170121979514134e-101
strang_r2,0.0,10000,3.929000184221712e-68
strang_r2,0.0,10001,5.895500821070528e-103
strang_r2,0.0,10010,1.0552473589523312e-101
strang_r2,0.0,10011,1.2349456213181794e-132
strang_r2,0.0,10100,2.3855796023913035e-34
strang_r2,0.0,10101,1.110678111334022e-67
strang_r2,0.0,10110,2.325767950029477e-67
strang_r2,0.0,10111,2.4220857875043914e-103
strang_r2,0.0,11000,3.6633202785838894e-100
strang_r2,0.0,11001,3.129146164749498e-135
strang_r2,0.0,11010,1.0386738328017196e-135
strang_r2,0.0,11011,9.226422032453041e-169
strang_r2,0.0,11100,1.164316418856239e-69
strang_r2,0.0,11101,9.198557062333283e-105
strang_r2,0.0,11110,9.219104115596436e-102
strang_r2,0.0,11111,6.596251137494856e-137
exact,0.08,00000,0.07199029256089377
exact,0.08,00001,0.00809252278238308
exact,0.08,00010,0.0031209458075318304
exact,0.08,00011,8.331675411288577e-05
exact,0.08,00100,0.6958095740209393
exact,0.08,00101,0.07701810562178509
exact,0.08,00110,0.019585944437126246
exact,0.08,00111,0.0005172342703951774
exact,0.08,01000,0.0031209458075318235
exact,0.08,01001,0.00035236350617349327
exact,0.08,01010,0.00017097672578847176
exact,0.08,01011,4.565377853732455e-06
exact,0.08,01100,0.01958594443712629
exact,0.08,01101,0.0021679815310564955
exact,0.08,01110,0.0005457871514244547
exact,0.08,01111,1.4414448607614375e-05
exact,0.08,10000,0.008092522782383095
exact,0.08,10001,0.0009097627333798186
exact,0.08,10010,0.00035236350617349327
exact,0.08,10011,9.406757791612596e-06
exact,0.08,10100,0.07701810562178496
exact,0.08,10101,0.008524995715816025
exact,0.08,10110,0.0021679815310564937
exact,0.08,10111,5.725295525004569e-05
exact,0.08,11000,8.331675411288447e-05
exact,0.08,11001,9.406757791612095e-06
exact,0.08,11010,4.565377853732177e-06
exact,0.08,11011,1.2190015151708039e-07
exact,0.08,11100,0.0005172342703951795
exact,0.08,11101,5.725295525004275e-05
exact,0.08,11110,1.4414448607613638e-05
exact,0.08,11111,3.806914709690689e-07
strang_r2,0.08,00000,0.07195482342244004
strang_r2,0.08,00001,0.00807789373354738
strang_r2,0.08,00010,0.0031272623911791026
strang_r2,0.08,00011,8.323666343543928e-05
strang_r2,0.08,00100,0.6956647483205377
strang_r2,0.08,00101,0.07705245879679438
strang_r2,0.08,00110,0.019687305430576795
strang_r2,0.08,00111,0.0005193281507196451
strang_r2,0.08,01000,0.003142653204252543
strang_r2,0.08,01001,0.00035393450189621873
strang_r2,0.08,01010,0.00016297826261617426
strang_r2,0.08,01011,4.34010204829519e-06
strang_r2,0.08,01100,0.019583791271212764
strang_r2,0.08,01101,0.002169139943179196
strang_r2,0.08,01110,0.0005490659032840363
strang_r2,0.08,01111,1.4484459397725285e-05
strang_r2,0.08,10000,0.008093521853110417
strang_r2,0.08,10001,0.0009086520187973042
strang_r2,0.08,10010,0.00035278891135463665
strang_r2,0.08,10011,9.390083332178653e-06
strang_r2,0.08,10100,0.07703208564532318
strang_r2,0.08,10101,0.008532133798962557
strang_r2,0.08,10110,0.0021802159018322565
strang_r2,0.08,10111,5.751148995695338e-05
strang_r2,0.08,11000,8.370199249689564e-05
strang_r2,0.08,11001,9.426861258743117e-06
strang_r2,0.08,11010,4.343163906105375e-06
strang_r2,0.08,11011,1.1565796839507235e-07
strang_r2,0.08,11100,0.0005165837854146268
strang_r2,0.08,11101,5.7217825864429115e-05
strang_r2,0.08,11110,1.4484353287160293e-05
strang_r2,0.08,11111,3.820999960872527e-07
exact,0.16,00000,0.09213093357827407
exact,0.16,00001,0.056742291978907934
exact,0.16,00010,0.02094468841849516
exact,0.16,00011,0.0025530605079244276
exact,0.16,00100,0.2225669393209982
exact,0.16,00101,0.12689406267250797
exact,0.16,00110,0.03424753985037722
exact,0.16,00111,0.0039706606112517575
exact,0.16,01000,0.020944688418495155
exact,0.16,01001,0.013190691249413116
exact,0.16,01010,0.006196098333743701
exact,0.16,01011,0.0007564438410624681
exact,0.16,01100,0.03424753985037728
exact,0.16,01101,0.019533060371663545
exact,0.16,01110,0.005030902694335632
exact,0.16,01111,0.000584094504288464
exact,0.16,10000,0.05674229197890788
exact,0.16,10001,0.035008869209886086
exact,0.16,10010,0.01319069124941311
exact,0.16,10011,0.0016082221782734898
exact,0.16,10100,0.12689406267250766
exact,0.16,10101,0.07232760659731072
exact,0.16,10110,0.019533060371663514
exact,0.16,10111,0.0022644354662818495
exact,0.16,11000,0.002553060507924413
exact,0.16,11001,0.001608222178273476
exact,0.16,11010,0.0007564438410624586
exact,0.16,11011,9.233519569437272e-05
exact,0.16,11100,0.00397066061125178
exact,0.16,11101,0.002264435466281828
exact,0.16,11110,0.000584094504288457
exact,0.16,11111,6.781176886197034e-05
strang_r2,0.16,00000,0.0916576207804305
strang_r2,0.16,00001,0.05626442953557235
strang_r2,0.16,00010,0.021112013980391184
strang_r2,0.16,00011,0.0025412996050293074
strang_r2,0.16,00100,0.2214216886642667
strang_r2,0.16,00101,0.12713318690138206
strang_r2,0.16,00110,0.03495595357648631
strang_r2,0.16,00111,0.0040379410809994664
strang_r2,0.16,01000,0.02156812093181323
strang_r2,0.16,01001,0.013454758178546432
strang_r2,0.16,01010,0.006030768127690788
strang_r2,0.16,01011,0.0007279572615385061
strang_r2,0.16,01100,0.033999681000911594
strang_r2,0.16,01101,0.019525958772351068
strang_r2,0.16,01110,0.005150646775064564
strang_r2,0.16,01111,0.0005955345759141477
strang_r2,0.16,10000,0.056815923105387606
strang_r2,0.16,10001,0.03491688999774628
strang_r2,0.16,10010,0.013286619837922835
strang_r2,0.16,10011,0.001599717673903898
strang_r2,0.16,10100,0.12642039322294696
strang_r2,0.16,10101,0.07257754482062208
strang_r2,0.16,10110,0.02000343016814997
strang_r2,0.16,10111,0.0023104606280245315
strang_r2,0.16,11000,0.0026043815858969714
strang_r2,0.16,11001,0.0016251121900024191
strang_r2,0.16,11010,0.0007302892165940769
strang_r2,0.16,11011,8.815194385937456e-05
strang_r2,0.16,11100,0.003925131625541555
strang_r2,0.16,11101,0.0022540854227199618
strang_r2,0.16,11110,0.0005954619916282857
strang_r2,0.16,11111,6.884682064420214e-05
exact,0.24,00000,0.02231829903942893
exact,0.24,00001,0.060154323936468815
exact,0.24,00010,0.020341278698692067
exact,0.24,00011,0.007113052834152683
exact,0.24,00100,0.028750239482096616
exact,0.24,00101,0.05959556960255856
exact,0.24,00110,0.018210070227713114
exact,0.24,00111,0.005525048764521497
exact,0.24,01000,0.020341278698692074
exact,0.24,01001,0.05846683234017746
exact,0.24,01010,0.025690449782121847
exact,0.24,01011,0.00906683225786988
exact,0.24,01100,0.01821007022771316
exact,0.24,01101,0.03779345294534781
exact,0.24,01110,0.010151928821714333
exact,0.24,01111,0.00310626469193306
exact,0.24,10000,0.06015432393646873
exact,0.24,10001,0.1636739649080101
exact,0.24,10010,0.058466832340177334
exact,0.24,10011,0.02051330380960324
exact,0.24,10100,0.059595569602558345
exact,0.24,10101,0.1226177890501667
exact,0.24,10110,0.037793452945347715
exact,0.24,10111,0.011438960079808264
exact,0.24,11000,0.007113052834152643
exact,0.24,11001,0.02051330380960316
exact,0.24,11010,0.009066832257869844
exact,0.24,11011,0.003197848652905932
exact,0.24,11100,0.0055250487645215375
exact,0.24,11101,0.011438960079808231
exact,0.24,11110,0.003106264691933046
exact,0.24,11111,0.0009494998858623547
strang_r2,0.24,00000,0.020982103666952384
strang_r2,0.24,00001,0.05748033635527931
strang_r2,0.24,00010,0.020187451110143827
strang_r2,0.24,00011,0.006850346924365335
strang_r2,0.24,00100,0.027232157999957637
strang_r2,0.24,00101,0.059431579784256415
strang_r2,0.24,00110,0.018779814457682655
strang_r2,0.24,00111,0.00567724993577191
strang_r2,0.24,01000,0.02142522918358085
strang_r2,0.24,01001,0.06163276963203352
strang_r2,0.24,01010,0.026049528938892938
strang_r2,0.24,01011,0.00893881430242272
strang_r2,0.24,01100,0.017035122172377327
strang_r2,0.24,01101,0.037246084252183204
strang_r2,0.24,01110,0.010655668008678185
strang_r2,0.24,01111,0.00323796174497536
strang_r2,0.24,10000,0.05950253785261249
strang_r2,0.24,10001,0.1642494866772749
strang_r2,0.24,10010,0.06003397421565745
strang_r2,0.24,10011,0.020423983548968804
strang_r2,0.24,10100,0.05662605113534067
strang_r2,0.24,10101,0.12316549902388647
strang_r2,0.24,10110,0.03995578110108882
strang_r2,0.24,10111,0.012050868165193013
strang_r2,0.24,11000,0.007339813289783413
strang_r2,0.24,11001,0.02117073236706275
strang_r2,0.24,11010,0.00901945686506454
strang_r2,0.24,11011,0.003095485400213193
strang_r2,0.24,11100,0.005121389912670121
strang_r2,0.24,11101,0.011184356294221754
strang_r2,0.24,11110,0.003235890099566409
strang_r2,0.24,11111,0.000982475581824375
exact,0.32,00000,0.0015706066040740163
exact,0.32,00001,0.02353707302865971
exact,0.32,00010,0.009116867877355819
exact,0.32,00011,0.00835920757466569
exact,0.32,00100,0.002585194134551526
exact,0.32,00101,0.014871564676041966
exact,0.32,00110,0.005239207758228813
exact,0.32,00111,0.0034491372148137724
exact,0.32,01000,0.009116867877355867
exact,0.32,01001,0.07747867424995404
exact,0.32,01010,0.029876118307897194
exact,0.32,01011,0.02863827955093231
exact,0.32,01100,0.005239207758228813
exact,0.32,01101,0.032386185323543114
exact,0.32,01110,0.00916496277257312
exact,0.32,01111,0.006176428797857905
exact,0.32,10000,0.023537073028659795
exact,0.32,10001,0.23733324383465426
exact,0.32,10010,0.07747867424995383
exact,0.32,10011,0.07248004041796394
exact,0.32,10100,0.01487156467604183
exact,0.32,10101,0.08316203738306026
exact,0.32,10110,0.03238618532354298
exact,0.32,10111,0.02067579554809303
exact,0.32,11000,0.008359207574665604
exact,0.32,11001,0.07248004041796385
exact,0.32,11010,0.028638279550932233
exact,0.32,11011,0.0273765577925598
exact,0.32,11100,0.0034491372148138
exact,0.32,11101,0.020675795548093078
exact,0.32,11110,0.0061764287978579024
exact,0.32,11111,0.004114355134409102
strang_r2,0.32,00000,0.0007821282404810071
strang_r2,0.32,00001,0.016071050836202097
strang_r2,0.32,00010,0.006290557253166023
strang_r2,0.32,00011,0.005543175532647649
strang_r2,0.32,00100,0.0015845926313363616
strang_r2,0.32,00101,0.01334622729721804
strang_r2,0.32,00110,0.004576408824267961
strang_r2,0.32,00111,0.003041312110246367
strang_r2,0.32,01000,0.0067495922173523275
strang_r2,0.32,01001,0.08690499803478843
strang_r2,0.32,01010,0.03252854553262063
strang_r2,0.32,01011,0.029413098790674257
strang_r2,0.32,01100,0.0033765563824488098
strang_r2,0.32,01101,0.030010608583834964
strang_r2,0.32,01110,0.009741719194661448
strang_r2,0.32,01111,0.006541557347415657
strang_r2,0.32,10000,0.01703555001311062
strang_r2,0.32,10001,0.24555892252641467
strang_r2,0.32,10010,0.08360860893174248
strang_r2,0.32,10011,0.07359181488366058
strang_r2,0.32,10100,0.009842554502425946
strang_r2,0.32,10101,0.08168230104309235
strang_r2,0.32,10110,0.035378481349633624
strang_r2,0.32,10111,0.022891170594976733
strang_r2,0.32,11000,0.006098185859867385
strang_r2,0.32,11001,0.07855473453860366
strang_r2,0.32,11010,0.030081511424308028
strang_r2,0.32,11011,0.027237630091651244
strang_r2,0.32,11100,0.0021596302346923012
strang_r2,0.32,11101,0.018906053939007014
strang_r2,0.32,11110,0.006528676437309162
strang_r2,0.32,11111,0.004342044820124831
