case_id,circuit_structure_hash,target_name,layout_name,strategy,native_2q_count,native_2q_depth,estimated_duration,cost
N2_x0.5_t0.08_r2_current__synthetic_grid_6q_transpiler__seed7,ea9fd4755a15f06dce28cd5aa229180e11dd3f9164c2862f20878fd6099a34ea,synthetic_grid_6q_transpiler,transpiler,qiskit,3,3,1.385502e-06,3003000.0000013853
N2_x0.5_t0.08_r2_current__synthetic_heavy_hex_like_7q_transpiler__seed7,ea9fd4755a15f06dce28cd5aa229180e11dd3f9164c2862f20878fd6099a34ea,synthetic_heavy_hex_like_7q_transpiler,transpiler,qiskit,3,3,1.2802740000000002e-06,3003000.00000128
N2_x0.5_t0.08_r2_current__synthetic_irregular_7q_favorable__seed7,ea9fd4755a15f06dce28cd5aa229180e11dd3f9164c2862f20878fd6099a34ea,synthetic_irregular_7q_favorable,favorable,qiskit,3,3,7.652340000000001e-07,3003000.000000765
N2_x0.5_t0.08_r2_current__synthetic_irregular_7q_spread__seed7,ea9fd4755a15f06dce28cd5aa229180e11dd3f9164c2862f20878fd6099a34ea,synthetic_irregular_7q_spread,spread,qiskit,9,6,2.6300340000000003e-06,9006000.00000263
N2_x0.5_t0.08_r2_current__synthetic_line_6q_favorable__seed7,ea9fd4755a15f06dce28cd5aa229180e11dd3f9164c2862f20878fd6099a34ea,synthetic_line_6q_favorable,favorable,qiskit,3,3,1.36419e-06,3003000.0000013644
N2_x0.5_t0.08_r2_current__synthetic_line_6q_spread__seed7,ea9fd4755a15f06dce28cd5aa229180e11dd3f9164c2862f20878fd6099a34ea,synthetic_line_6q_spread,spread,qiskit,15,12,6.693744000000001e-06,15012000.000006694
N2_x0.5_t0.08_r2_current__synthetic_ring_6q_transpiler__seed7,ea9fd4755a15f06dce28cd5aa229180e11dd3f9164c2862f20878fd6099a34ea,synthetic_ring_6q_transpiler,transpiler,qiskit,3,3,2.092794e-06,3003000.0000020927
N2_x1_t0.16_r2_reversed__synthetic_heavy_hex_like_7q_transpiler__seed7,6a8f2381109966d6c07f9bfa84cc7fc27a66a98aabd4280928f074e18c61a924,synthetic_heavy_hex_like_7q_transpiler,transpiler,qiskit,3,3,1.2802740000000002e-06,3003000.00000128
N2_x2_t0.24_r1_current__synthetic_grid_6q_transpiler__seed7,35020745cbf315956a25dd89ce4cee9e5cbb9ea64d68560011a94cb992a049cd,synthetic_grid_6q_transpiler,transpiler,qiskit,3,3,1.39305e-06,3003000.0000013933
N2_x2_t0.24_r1_current__synthetic_heavy_hex_like_7q_transpiler__seed7,35020745cbf315956a25dd89ce4cee9e5cbb9ea64d68560011a94cb992a049cd,synthetic_heavy_hex_like_7q_transpiler,transpiler,qiskit,3,3,1.2802740000000002e-06,3003000.00000128
N2_x2_t0.24_r1_current__synthetic_irregular_7q_favorable__seed7,35020745cbf315956a25dd89ce4cee9e5cbb9ea64d68560011a94cb992a049cd,synthetic_irregular_7q_favorable,favorable,qiskit,3,3,7.652340000000001e-07,3003000.000000765
N2_x2_t0.24_r1_current__synthetic_irregular_7q_spread__seed7,35020745cbf315956a25dd89ce4cee9e5cbb9ea64d68560011a94cb992a049cd,synthetic_irregular_7q_spread,spread,qiskit,9,6,2.6300340000000003e-06,9006000.00000263
N2_x2_t0.24_r1_current__synthetic_line_6q_favorable__seed7,35020745cbf315956a25dd89ce4cee9e5cbb9ea64d68560011a94cb992a049cd,synthetic_line_6q_favorable,favorable,qiskit,3,3,1.39305e-06,3003000.0000013933
N2_x2_t0.24_r1_current__synthetic_line_6q_spread__seed7,35020745cbf315956a25dd89ce4cee9e5cbb9ea64d68560011a94cb992a049cd,synthetic_line_6q_spread,spread,qiskit,15,12,6.693744000000001e-06,15012000.000006694
N2_x2_t0.24_r1_current__synthetic_ring_6q_transpiler__seed7,35020745cbf315956a25dd89ce4cee9e5cbb9ea64d68560011a94cb992a049cd,synthetic_ring_6q_transpiler,transpiler,qiskit,3,3,2.133198e-06,3003000.000002133
N2_x2_t0.24_r2_current__synthetic_line_6q_spread__seed7,ea9fd4755a15f06dce28cd5aa229180e11dd3f9164c2862f20878fd6099a34ea,synthetic_line_6q_spread,spread,qiskit,15,12,6.693744000000001e-06,15012000.000006694
N2_x2_t0.24_r4_current__synthetic_ring_6q_transpiler__seed7,9ecbc4c70bcf0e70de31553ecd92e6eaf26a4895d6ac4b94054793f40db38e6f,synthetic_ring_6q_transpiler,transpiler,qiskit,3,3,2.133198e-06,3003000.000002133
N2_x2_t0.24_r8_current__synthetic_grid_6q_transpiler__seed7,5292a2a2bb1015f0074752bd9aaa660e2117a2f209faf3a68314679e6f2d4205,synthetic_grid_6q_transpiler,transpiler,qiskit,3,3,1.39305e-06,3003000.0000013933
N2_x4_t0.32_r2_symmetry__synthetic_irregular_7q_favorable__seed7,d7e156d9abf60a9a236245a817a665649a60487f1f7949726086ebb0a11eda90,synthetic_irregular_7q_favorable,favorable,qiskit,3,3,7.652340000000001e-07,3003000.000000765
N3_x0.5_t0.08_r2_current__synthetic_irregular_7q_spread__seed7,895718eee45a850d435c8240f7a9ee014cfb599978558936fe2e71db8b8c0270,synthetic_irregular_7q_spread,spread,teleport,48,45,2.378241599999998e-05,48045000.00002378
N3_x1_t0.16_r2_reversed__synthetic_heavy_hex_like_7q_transpiler__seed7,53c4f0677915c62f9f4a3a2141402bf5759264456ba570678b9a3dd1792b6691,synthetic_heavy_hex_like_7q_transpiler,transpiler,teleport,40,40,1.213674000000001e-05,40040000.00001214
N3_x2_t0.24_r1_current__synthetic_line_6q_favorable__seed7,765e8cc2c75724fb242ba5e1c778dfd8856fe1c57f25e657cf6892bd9d945ec5,synthetic_line_6q_favorable,favorable,teleport,24,24,1.557574200000001e-05,24024000.00001557
N3_x2_t0.24_r2_current__synthetic_line_6q_spread__seed7,895718eee45a850d435c8240f7a9ee014cfb599978558936fe2e71db8b8c0270,synthetic_line_6q_spread,spread,teleport,51,46,3.4902173999999995e-05,51046000.0000349
N3_x2_t0.24_r4_current__synthetic_ring_6q_transpiler__seed7,a8c77d0b2cdabef3b9ba279df496609f76a174ba9474507d77488b124b9a2527,synthetic_ring_6q_transpiler,transpiler,teleport,70,70,3.9665184e-05,70070000.00003967
N3_x2_t0.24_r8_current__synthetic_grid_6q_transpiler__seed7,6c1d27e17ed1cf182fc54db750bd1543268c42d972721db2752c586c79302655,synthetic_grid_6q_transpiler,transpiler,teleport,142,142,9.658909200000005e-05,142142000.0000966
N3_x4_t0.32_r2_symmetry__synthetic_grid_6q_transpiler__seed7,ba6a68ec18cf628ef593f8bf116adff9beb0c49bfece1e9746db62e3c2b91702,synthetic_grid_6q_transpiler,transpiler,basic,42,42,2.5891416000000025e-05,42042000.00002589
N3_x4_t0.32_r2_symmetry__synthetic_heavy_hex_like_7q_transpiler__seed7,ba6a68ec18cf628ef593f8bf116adff9beb0c49bfece1e9746db62e3c2b91702,synthetic_heavy_hex_like_7q_transpiler,transpiler,basic,42,42,1.339592400000001e-05,42042000.0000134
N3_x4_t0.32_r2_symmetry__synthetic_irregular_7q_favorable__seed7,ba6a68ec18cf628ef593f8bf116adff9beb0c49bfece1e9746db62e3c2b91702,synthetic_irregular_7q_favorable,favorable,basic,42,42,1.1658551999999992e-05,42042000.00001166
N3_x4_t0.32_r2_symmetry__synthetic_irregular_7q_spread__seed7,ba6a68ec18cf628ef593f8bf116adff9beb0c49bfece1e9746db62e3c2b91702,synthetic_irregular_7q_spread,spread,basic,48,45,2.3549981999999984e-05,48045000.00002355
N3_x4_t0.32_r2_symmetry__synthetic_line_6q_favorable__seed7,ba6a68ec18cf628ef593f8bf116adff9beb0c49bfece1e9746db62e3c2b91702,synthetic_line_6q_favorable,favorable,basic,42,42,2.5416114000000028e-05,42042000.00002541
N3_x4_t0.32_r2_symmetry__synthetic_line_6q_spread__seed7,ba6a68ec18cf628ef593f8bf116adff9beb0c49bfece1e9746db62e3c2b91702,synthetic_line_6q_spread,spread,basic,51,46,3.4814261999999986e-05,51046000.00003482
N3_x4_t0.32_r2_symmetry__synthetic_ring_6q_transpiler__seed7,ba6a68ec18cf628ef593f8bf116adff9beb0c49bfece1e9746db62e3c2b91702,synthetic_ring_6q_transpiler,transpiler,basic,42,42,2.4669971999999982e-05,42042000.00002467
N4_x0.5_t0.08_r2_current__synthetic_irregular_7q_spread__seed7,722837ca17cf8a26549d515c36b44e659a6fd16bdb027872c8cb7007139f134c,synthetic_irregular_7q_spread,spread,teleport,72,61,2.508488999999997e-05,72061000.00002508
N4_x1_t0.16_r2_reversed__synthetic_grid_6q_transpiler__seed7,63750b2d38357d5cd9f9fb922cc3dfb8e294b61159a2362da953e87c8d5996e0,synthetic_grid_6q_transpiler,transpiler,teleport,68,60,4.5195425999999975e-05,68060000.0000452
N4_x1_t0.16_r2_reversed__synthetic_heavy_hex_like_7q_transpiler__seed7,63750b2d38357d5cd9f9fb922cc3dfb8e294b61159a2362da953e87c8d5996e0,synthetic_heavy_hex_like_7q_transpiler,transpiler,teleport,68,60,1.729690800000001e-05,68060000.0000173
N4_x1_t0.16_r2_reversed__synthetic_irregular_7q_favorable__seed7,63750b2d38357d5cd9f9fb922cc3dfb8e294b61159a2362da953e87c8d5996e0,synthetic_irregular_7q_favorable,favorable,teleport,68,60,2.2818935999999994e-05,68060000.00002281
N4_x1_t0.16_r2_reversed__synthetic_irregular_7q_spread__seed7,63750b2d38357d5cd9f9fb922cc3dfb8e294b61159a2362da953e87c8d5996e0,synthetic_irregular_7q_spread,spread,teleport,74,62,3.992803199999999e-05,74062000.00003994
N4_x1_t0.16_r2_reversed__synthetic_line_6q_favorable__seed7,63750b2d38357d5cd9f9fb922cc3dfb8e294b61159a2362da953e87c8d5996e0,synthetic_line_6q_favorable,favorable,teleport,68,60,4.521917999999998e-05,68060000.00004523
N4_x1_t0.16_r2_reversed__synthetic_line_6q_spread__seed7,63750b2d38357d5cd9f9fb922cc3dfb8e294b61159a2362da953e87c8d5996e0,synthetic_line_6q_spread,spread,teleport,74,62,4.117189799999997e-05,74062000.00004117
N4_x1_t0.16_r2_reversed__synthetic_ring_6q_transpiler__seed7,63750b2d38357d5cd9f9fb922cc3dfb8e294b61159a2362da953e87c8d5996e0,synthetic_ring_6q_transpiler,transpiler,teleport,68,60,4.521917999999998e-05,68060000.00004523
N4_x2_t0.24_r1_current__synthetic_line_6q_favorable__seed7,5e7b6193b40d2957c5e87a2adb552bc2ec50ce7dd4f8c6a534264966f43f22c4,synthetic_line_6q_favorable,favorable,basic,34,30,2.0289246000000005e-05,34030000.00002029
N4_x2_t0.24_r2_current__synthetic_line_6q_spread__seed7,722837ca17cf8a26549d515c36b44e659a6fd16bdb027872c8cb7007139f134c,synthetic_line_6q_spread,spread,basic,72,61,3.819665400000001e-05,72061000.00003819
N4_x2_t0.24_r4_current__synthetic_ring_6q_transpiler__seed7,4c02070fde736bde53d19c2818950c4ccec18611744acc48bced18e5d2043a97,synthetic_ring_6q_transpiler,transpiler,teleport,126,110,6.0901703999999984e-05,126110000.0000609
N4_x2_t0.24_r8_current__synthetic_grid_6q_transpiler__seed7,7982982987e59a949c739e2bae48e48a06af33b8104d2d18d107b51b6d37128a,synthetic_grid_6q_transpiler,transpiler,teleport,246,214,0.000158675388,246214000.00015867
N4_x4_t0.32_r2_symmetry__synthetic_irregular_7q_favorable__seed7,840108f27be7018d9523cce50ed0465580fc76086dc4d719c7931a97dc6b3878,synthetic_irregular_7q_favorable,favorable,basic,43,37,1.4536782000000004e-05,43037000.000014536
N5_x0.5_t0.08_r2_current__synthetic_irregular_7q_spread__seed7,8fce0abdbcb2e9a8f70c342ce15ae5cbd2d944a42e437502fede0d157c893389,synthetic_irregular_7q_spread,spread,basic,100,81,4.573666199999999e-05,100081000.00004572
N5_x1_t0.16_r2_reversed__synthetic_heavy_hex_like_7q_transpiler__seed7,f6aea3bf3166425d47f6c0e2ca7ee5cce8ec4676267e9d3a9230860146e5617e,synthetic_heavy_hex_like_7q_transpiler,transpiler,basic,104,88,2.535617399999996e-05,104088000.00002536
N5_x2_t0.24_r1_current__synthetic_line_7q_favorable__seed7,8e6844338f73e15122efb5508ac939bc137edd6cadbefd075727a5a24c97e8c5,synthetic_line_7q_favorable,favorable,basic,48,40,1.5999984000000012e-05,48040000.000016
N5_x2_t0.24_r2_current__synthetic_line_7q_spread__seed7,8fce0abdbcb2e9a8f70c342ce15ae5cbd2d944a42e437502fede0d157c893389,synthetic_line_7q_spread,spread,basic,100,81,4.031542199999995e-05,100081000.00004032
N5_x2_t0.24_r4_current__synthetic_ring_7q_transpiler__seed7,495a1a0380964ce3d87e9e0df5d5d4a019d919b5ff9cd004d857e037c784d1c0,synthetic_ring_7q_transpiler,transpiler,basic,186,154,6.2592678e-05,186154000.00006256
N5_x2_t0.24_r8_current__synthetic_grid_8q_transpiler__seed7,a3c3aa0730f53f43ddad72a4d4519d745a0759d60b4da195300a7d684cae92e5,synthetic_grid_8q_transpiler,transpiler,basic,370,306,0.00016044273,370306000.00016046
N5_x2_t0.24_r8_current__synthetic_heavy_hex_like_7q_transpiler__seed7,a3c3aa0730f53f43ddad72a4d4519d745a0759d60b4da195300a7d684cae92e5,synthetic_heavy_hex_like_7q_transpiler,transpiler,basic,370,306,8.851628399999974e-05,370306000.0000885
N5_x2_t0.24_r8_current__synthetic_irregular_7q_favorable__seed7,a3c3aa0730f53f43ddad72a4d4519d745a0759d60b4da195300a7d684cae92e5,synthetic_irregular_7q_favorable,favorable,basic,370,306,0.0001446083579999,370306000.0001446
N5_x2_t0.24_r8_current__synthetic_irregular_7q_spread__seed7,a3c3aa0730f53f43ddad72a4d4519d745a0759d60b4da195300a7d684cae92e5,synthetic_irregular_7q_spread,spread,basic,376,309,0.0001793844359999,376309000.0001794
N5_x2_t0.24_r8_current__synthetic_line_7q_favorable__seed7,a3c3aa0730f53f43ddad72a4d4519d745a0759d60b4da195300a7d684cae92e5,synthetic_line_7q_favorable,favorable,basic,370,306,0.0001245748559999,370306000.0001246
N5_x2_t0.24_r8_current__synthetic_line_7q_spread__seed7,a3c3aa0730f53f43ddad72a4d4519d745a0759d60b4da195300a7d684cae92e5,synthetic_line_7q_spread,spread,basic,376,309,0.00015773211,376309000.0001577
N5_x2_t0.24_r8_current__synthetic_ring_7q_transpiler__seed7,a3c3aa0730f53f43ddad72a4d4519d745a0759d60b4da195300a7d684cae92e5,synthetic_ring_7q_transpiler,transpiler,basic,370,306,0.0001243877099999,370306000.0001244
N5_x4_t0.32_r2_symmetry__synthetic_irregular_7q_favorable__seed7,c2142e093ccb99940251960feda0c8e111c5304b305b2585b4176727240e142e,synthetic_irregular_7q_favorable,favorable,basic,86,75,3.435960599999998e-05,86075000.00003436
N6_x0.5_t0.08_r2_current__synthetic_irregular_8q_spread__seed7,f2873a141bbf31a64072838851205fa523d9c722535816eb13ac5a8872e54b2b,synthetic_irregular_8q_spread,spread,basic,135,102,3.144519000000008e-05,135102000.00003144
N6_x1_t0.16_r2_reversed__synthetic_heavy_hex_like_8q_transpiler__seed7,3e6d0f2ff1367ecdcdf80c027f80a014b0b827c6ada6e255ffc043664ef7e52c,synthetic_heavy_hex_like_8q_transpiler,transpiler,basic,136,112,3.227835600000005e-05,136112000.00003228
N6_x2_t0.24_r1_current__synthetic_line_8q_favorable__seed7,673f2d126506bd6d05c0a636b96d707aaa84cf71d50cb096a1f6b81c618a0569,synthetic_line_8q_favorable,favorable,basic,62,50,2.6953242000000013e-05,62050000.00002696
N6_x2_t0.24_r2_current__synthetic_line_8q_spread__seed7,f2873a141bbf31a64072838851205fa523d9c722535816eb13ac5a8872e54b2b,synthetic_line_8q_spread,spread,basic,140,104,4.7364588000000045e-05,140104000.00004736
N6_x2_t0.24_r4_current__synthetic_grid_8q_transpiler__seed7,d8ad6f6fe282c266eae1c592f37c36ce9e15259a5ce547902e0ff453e1d3a1ca,synthetic_grid_8q_transpiler,transpiler,basic,242,194,7.804565400000026e-05,242194000.00007805
N6_x2_t0.24_r4_current__synthetic_heavy_hex_like_8q_transpiler__seed7,d8ad6f6fe282c266eae1c592f37c36ce9e15259a5ce547902e0ff453e1d3a1ca,synthetic_heavy_hex_like_8q_transpiler,transpiler,basic,242,194,5.445460200000005e-05,242194000.00005445
N6_x2_t0.24_r4_current__synthetic_irregular_8q_favorable__seed7,d8ad6f6fe282c266eae1c592f37c36ce9e15259a5ce547902e0ff453e1d3a1ca,synthetic_irregular_8q_favorable,favorable,basic,242,194,9.117562200000012e-05,242194000.0000912
N6_x2_t0.24_r4_current__synthetic_irregular_8q_spread__seed7,d8ad6f6fe282c266eae1c592f37c36ce9e15259a5ce547902e0ff453e1d3a1ca,synthetic_irregular_8q_spread,spread,basic,255,198,5.9991059999999817e-05,255198000.00006
N6_x2_t0.24_r4_current__synthetic_line_8q_favorable__seed7,d8ad6f6fe282c266eae1c592f37c36ce9e15259a5ce547902e0ff453e1d3a1ca,synthetic_line_8q_favorable,favorable,basic,242,194,9.829938000000038e-05,242194000.0000983
N6_x2_t0.24_r4_current__synthetic_line_8q_spread__seed7,d8ad6f6fe282c266eae1c592f37c36ce9e15259a5ce547902e0ff453e1d3a1ca,synthetic_line_8q_spread,spread,basic,260,200,8.999236200000026e-05,260200000.00009
N6_x2_t0.24_r4_current__synthetic_ring_8q_transpiler__seed7,d8ad6f6fe282c266eae1c592f37c36ce9e15259a5ce547902e0ff453e1d3a1ca,synthetic_ring_8q_transpiler,transpiler,basic,242,194,6.11407980000001e-05,242194000.00006115
N6_x2_t0.24_r8_current__synthetic_grid_8q_transpiler__seed7,deaf935266467950cd58176b219aee007813075ec88ef210e712ade79ff62e2a,synthetic_grid_8q_transpiler,transpiler,basic,482,386,0.0001542373859999,482386000.0001543
N6_x4_t0.32_r2_symmetry__synthetic_irregular_8q_favorable__seed7,22212664afc1417240d2159e660dfd5bef69af78a6080db0f12d8faa91232b09,synthetic_irregular_8q_favorable,favorable,basic,82,57,2.7550422000000003e-05,82057000.00002755
