term_ordering,time,tvd_to_exact_hamiltonian,energy_drift,mirror_asymmetry,source_gate_count,source_depth,source_2q_count
current,0.0,9.325873406851315e-15,6.084022174945858e-14,2.9431791684509196e-34,373,268,144
current,0.004,1.375784804928752e-09,8.42155190028393e-09,3.838352037401657e-10,373,268,144
current,0.008,2.2001566316783623e-08,1.3385590014181048e-07,6.1334598250729466e-09,373,268,144
current,0.012,1.1129140696048951e-07,6.70169576277857e-07,3.098406986670266e-08,373,268,144
current,0.016,3.513306909287501e-07,2.0850954105533503e-06,9.763116715175591e-08,373,268,144
current,0.02,8.564679006897432e-07,4.98751209754289e-06,2.3743830495032234e-07,373,268,144
current,0.024,1.772740750908996e-06,1.0082324094273787e-05,4.90032865153216e-07,373,268,144
current,0.028,3.277134290150149e-06,1.811362023396157e-05,9.027947251575349e-07,373,268,144
current,0.032,5.576667729471054e-06,2.979696820126776e-05,1.5302439549044755e-06,373,268,144
current,0.036000000000000004,8.907306054099825e-06,4.574187098915772e-05,2.433334887756884e-06,373,268,144
current,0.04,1.353269142001351e-05,6.636556644590286e-05,3.678665021909517e-06,373,268,144
current,0.044,1.974268868684935e-05,9.179949296544976e-05,5.337608211614109e-06,373,268,144
current,0.048,2.7851738180592703e-05,0.00012178986724364904,7.485382494842006e-06,373,268,144
current,0.052000000000000005,3.819700820935446e-05,0.00015559392811592687,1.0200063658271502e-05,373,268,144
current,0.056,5.1136338862069995e-05,0.00019187348691795947,1.3561556255423275e-05,373,268,144
current,0.06,6.704596779054167e-05,0.00022858749072440787,1.765053426674556e-05,373,268,144
current,0.064,8.631802841707957e-05,0.0002628853525594721,2.2547363901434525e-05,373,268,144
current,0.068,0.00010935781034513393,0.00029100282421223866,2.8331021208104212e-05,373,268,144
current,0.07200000000000001,0.00013694541909821918,0.0003081621911373844,3.507801716271658e-05,373,268,144
current,0.076,0.00016950732801338902,0.00030847854765303495,4.286134275119022e-05,373,268,144
current,0.08,0.00020742234278888362,0.00028487386994413555,5.174944625929018e-05,373,268,144
current,0.084,0.00025119236686569946,0.00022900054074348475,6.180525452884403e-05,373,268,144
current,0.088,0.0003013233577035756,0.0001311758969935184,7.308524934217242e-05,373,268,144
current,0.092,0.00035832061134030924,1.9670731264298524e-05,8.563860936856155e-05,373,268,144
current,0.096,0.000422683574083786,0.00023603714247055763,9.95064272536969e-05,373,268,144
current,0.1,0.0004949001844490386,0.0005318723356659838,0.00011472101046816272,373,268,144
current,0.10400000000000001,0.0005767804058613051,0.0009225844738742772,0.00013130527346897486,373,268,144
current,0.108,0.0006743691447106108,0.0014250318467294854,0.0001492722275839263,373,268,144
current,0.112,0.0007836164564299767,0.00205749611612438,0.0001686245738106093,373,268,144
current,0.116,0.0009052540649968231,0.0028396373139916165,0.00018935440246120247,373,268,144
current,0.12,0.0010399792344446322,0.003792430256694068,0.00021144300227393317,373,268,144
current,0.124,0.0011884426601480144,0.004938082235985242,0.0002348607803075234,373,268,144
current,0.128,0.0013512357385818967,0.006299932049308232,0.0002595672925932227,373,268,144
current,0.132,0.0015288773536535746,0.007902330632631127,0.0002855113842415505,373,268,144
current,0.136,0.0017218003387337649,0.009770503758922189,0.00031263143640673785,373,268,144
current,0.14,0.001930337793490236,0.011930397462275977,0.00034085571630955436,373,268,144
current,0.14400000000000002,0.0021547094532105996,0.014408507036538953,0.0003701028253490918,373,268,144
current,0.148,0.002395008324856017,0.017231690641275055,0.00040028223926544954,373,268,144
current,0.152,0.0026511878183463015,0.020426968720470562,0.00043129493333150803,373,268,144
current,0.156,0.0029260778619688683,0.024021310601339607,0.00046303408465583895,373,268,144
current,0.16,0.0032173341067964056,0.02804140978952585,0.000495385842929609,373,268,144
current,0.164,0.003524447950295143,0.03251344961342051,0.0005282301602952746,373,268,144
current,0.168,0.0038468594369880614,0.03746286098846152,0.0005614416704809791,373,268,144
current,0.17200000000000001,0.004183830138258082,0.04291407417757931,0.0005948906069944693,373,268,144
current,0.176,0.004534437524793239,0.048890266510237534,0.0006284437498753348,373,268,144
current,0.18,0.004897571346046169,0.05541310809155453,0.0006619653904280792,373,268,144
current,0.184,0.005271932229106887,0.06250250758440812,0.0006953183033508725,373,268,144
current,0.188,0.005656032690237876,0.07017636018049433,0.00072836471584381,373,268,144
current,0.192,0.006048200728511897,0.07845029989104546,0.0007609672635372072,373,268,144
current,0.196,0.006446586142619325,0.08733745828457096,0.000792989923501658,373,268,144
current,0.2,0.006849169679185568,0.09684823177825663,0.0008242989150828717,373,268,144
current,0.20400000000000001,0.007253775084094076,0.10699005955062324,0.0008547635599324976,373,268,144
current,0.20800000000000002,0.0076639195865306755,0.11776721408931135,0.0008842570932880156,373,268,144
current,0.212,0.008105980579292385,0.12918060631552208,0.0009126574193345088,373,268,144
current,0.216,0.008565398945506144,0.14122760714183347,0.0009398478043292635,373,268,144
current,0.22,0.009097699343930746,0.1539018872197504,0.0009657175020401226,373,268,144
current,0.224,0.00967024928855965,0.16719327651963578,0.0009901623069871468,373,268,144
current,0.228,0.010287805074639764,0.18108764526235888,0.001013085031924682,373,268,144
current,0.232,0.01096535942509956,0.1955668075841035,0.0010343959069381847,373,268,144
current,0.23600000000000002,0.01170637820738248,0.21060844917234123,0.001054012898498588,373,268,144
current,0.24,0.01247774855102649,0.22618607995659623,0.0010718619477274455,373,268,144
current,0.244,0.013279112019448206,0.24226901277652457,0.0010878771280194988,373,268,144
current,0.248,0.014109922753960842,0.25882236878504905,0.0011020007230278794,373,268,144
current,0.252,0.014981986931309943,0.2758071101704864,0.001114183226793436,373,268,144
current,0.256,0.015898199799400256,0.2931801006097068,0.0011243832685373378,373,268,144
current,0.26,0.01684616488054979,0.31089419368622107,0.0011325674652860052,373,268,144
current,0.264,0.01782487418791273,0.32889834932902184,0.0011387102060688992,373,268,144
current,0.268,0.018857275065459277,0.3471377781508207,0.0011427933719186933,373,268,144
current,0.272,0.019969007303587766,0.3655541133870255,0.0011448059963189983,373,268,144
current,0.276,0.02128204386223949,0.3840856099613159,0.0011447438710394386,373,268,144
current,0.28,0.022874368709629257,0.40266737003288267,0.001142609102548764,373,268,144
current,0.28400000000000003,0.024599140182387486,0.42123159421054535,0.0011384096243197694,373,268,144
current,0.28800000000000003,0.026390378929730864,0.43970785745664553,0.0011321586704261533,373,268,144
current,0.292,0.028244619759421045,0.45802340854491064,0.0011238742157924364,373,268,144
current,0.296,0.030157779469456997,0.4761034917838787,0.0011135783884105854,373,268,144
current,0.3,0.03212515511767158,0.49387168957347694,0.0011012968586628369,373,268,144
current,0.304,0.034141428400287804,0.5112502842230673,0.0010870582107363747,373,268,144
current,0.308,0.036200676376181976,0.5281606373311503,0.0010708933008548582,373,268,144
current,0.312,0.03829638869811097,0.5445235849044092,0.0010816202519605689,373,268,144
current,0.316,0.04042149143108224,0.560259846283278,0.00111495557151986,373,268,144
current,0.32,0.04256837745235664,0.5752904448386493,0.0011499997348421998,373,268,144
symmetry,0.0,9.2148511043888e-15,5.906386491005833e-14,3.097051378274098e-34,373,212,144
symmetry,0.004,4.672506146407446e-09,6.003356034511853e-09,4.0657581468206416e-19,373,212,144
symmetry,0.008,7.45932585022409e-08,9.616284790681107e-08,6.2341624917916505e-19,373,212,144
symmetry,0.012,3.7622342124488595e-07,4.877502113309617e-07,1.5178830414797062e-18,373,212,144
symmetry,0.016,1.1828613947554018e-06,1.545612708042654e-06,8.673617379884035e-19,373,212,144
symmetry,0.02,2.8685230641855167e-06,3.786211892009561e-06,1.8431436932253575e-18,373,212,144
symmetry,0.024,5.899543505866256e-06,7.883172371769831e-06,1.0842021724855044e-17,373,212,144
symmetry,0.028,1.08240652883487e-05,1.4674236647138628e-05,3.469446951953614e-18,373,212,144
symmetry,0.032,1.8259619747175368e-05,2.5169494911381207e-05,1.734723475976807e-18,373,212,144
symmetry,0.036000000000000004,2.8879044628958646e-05,4.056073219205203e-05,0.0,373,212,144
symmetry,0.04,4.3395013505642616e-05,6.223171129127181e-05,1.1275702593849246e-17,373,212,144
symmetry,0.044,6.254347851249726e-05,9.176918863529338e-05,1.6479873021779667e-17,373,212,144
symmetry,0.048,8.706634823953128e-05,0.0001309744396653656,9.540979117872439e-18,373,212,144
symmetry,0.052000000000000005,0.00011769373586855072,0.00018187505443778562,1.9081958235744878e-17,373,212,144
symmetry,0.056,0.00015512611924110403,0.00024673675037956144,1.214306433183765e-17,373,212,144
symmetry,0.06,0.00020001675427730784,0.0003280749368670399,5.984795992119984e-17,373,212,144
symmetry,0.064,0.0002529546754672486,0.0004286657607326383,4.336808689942018e-17,373,212,144
symmetry,0.068,0.00031444860322043215,0.0005515563554499003,5.0306980803327406e-17,373,212,144
symmetry,0.07200000000000001,0.0003849120569877193,0.0007000740172076192,4.5102810375396984e-17,373,212,144
symmetry,0.076,0.00046464994649227765,0.0008778340322885825,1.5612511283791264e-17,373,212,144
symmetry,0.08,0.0005538468812052057,0.0010887458867321342,3.9898639947466563e-17,373,212,144
symmetry,0.084,0.0006525574013685498,0.0013370175977804877,2.7755575615628914e-17,373,212,144
symmetry,0.088,0.000760698293088496,0.001627157918657307,1.0408340855860843e-16,373,212,144
symmetry,0.092,0.0008780431061291115,0.0019639761843111003,1.0408340855860843e-16,373,212,144
symmetry,0.096,0.0010042189471404126,0.002352579582982184,6.245004513516506e-17,373,212,144
symmetry,0.1,0.0011387055739594278,0.002798367660067136,1.3183898417423734e-16,373,212,144
symmetry,0.10400000000000001,0.001280836769466373,0.003307023884503213,2.0816681711721685e-17,373,212,144
symmetry,0.108,0.0014298039272390604,0.003884504132738442,1.0755285551056204e-16,373,212,144
symmetry,0.112,0.0015846617368968463,0.004537021974067024,7.28583859910259e-17,373,212,144
symmetry,0.116,0.0017443358155496387,0.00527103067102086,1.734723475976807e-16,373,212,144
symmetry,0.12,0.0019076320940504255,0.006093201837788165,1.0408340855860843e-16,373,212,144
symmetry,0.124,0.0020732477335620183,0.007010400734010602,4.163336342344337e-17,373,212,144
symmetry,0.128,0.0022667626795969246,0.008029658202822088,1.6653345369377348e-16,373,212,144
symmetry,0.132,0.0025064359708062145,0.009158139295978529,1.249000902703301e-16,373,212,144
symmetry,0.136,0.002800182026331959,0.010403108662681682,1.8041124150158794e-16,373,212,144
symmetry,0.14,0.0031115077086198055,0.011771892811585971,6.245004513516506e-17,373,212,144
symmetry,0.14400000000000002,0.0034393296390304987,0.013271839389588536,2.8449465006019636e-16,373,212,144
symmetry,0.148,0.0037822610218103945,0.014910273651987271,1.8041124150158794e-16,373,212,144
symmetry,0.152,0.004138605855363933,0.016694452330576315,8.326672684688674e-17,373,212,144
symmetry,0.156,0.00450635749941215,0.018631515135561827,6.245004513516506e-17,373,212,144
symmetry,0.16,0.004883891894429514,0.020728434155997455,2.1510571102112408e-16,373,212,144
symmetry,0.164,0.005270418363760672,0.022991961447978326,9.020562075079397e-17,373,212,144
symmetry,0.168,0.005661673140951534,0.025428575126690056,6.245004513516506e-17,373,212,144
symmetry,0.17200000000000001,0.006054727169355845,0.02804442429749132,1.6653345369377348e-16,373,212,144
symmetry,0.176,0.006450515852525209,0.030845273182334765,2.7755575615628914e-16,373,212,144
symmetry,0.18,0.0069292092165809845,0.033836444813647226,2.914335439641036e-16,373,212,144
symmetry,0.184,0.007422456460527222,0.037022764682164144,9.71445146547012e-17,373,212,144
symmetry,0.188,0.007920988865230629,0.0404085047360927,2.7755575615628914e-16,373,212,144
symmetry,0.192,0.008425929497269682,0.04399732813672408,1.3877787807814457e-17,373,212,144
symmetry,0.196,0.008977076763074845,0.047792235181586484,1.5265566588595902e-16,373,212,144
symmetry,0.2,0.009530276319665777,0.051795510807125744,1.1102230246251565e-16,373,212,144
symmetry,0.20400000000000001,0.010081785560607893,0.05600867408330146,2.220446049250313e-16,373,212,144
symmetry,0.20800000000000002,0.010628763457346112,0.0604324301069199,6.938893903907228e-17,373,212,144
symmetry,0.212,0.011168436515437787,0.0650666246955347,2.3592239273284576e-16,373,212,144
symmetry,0.216,0.011760510922978196,0.06991020227205746,5.551115123125783e-17,373,212,144
symmetry,0.22,0.012410970207258024,0.07496116731889302,2.220446049250313e-16,373,212,144
symmetry,0.224,0.013297228136031158,0.08021654976498738,2.220446049250313e-16,373,212,144
symmetry,0.228,0.014229166152329397,0.08567237465028832,1.6653345369377348e-16,373,212,144
symmetry,0.232,0.015235357713302644,0.09132363639332652,2.220446049250313e-16,373,212,144
symmetry,0.23600000000000002,0.016385817893317636,0.09716427796380422,1.3877787807814457e-16,373,212,144
symmetry,0.24,0.01756919020122824,0.10318717523758014,1.1102230246251565e-16,373,212,144
symmetry,0.244,0.018781301005860125,0.10938412678543497,0.0,373,212,144
symmetry,0.248,0.02001755226776824,0.11574584931680887,5.551115123125783e-17,373,212,144
symmetry,0.252,0.02127294820881994,0.12226197897158686,2.498001805406602e-16,373,212,144
symmetry,0.256,0.022542342055922714,0.12892107861963042,5.551115123125783e-17,373,212,144
symmetry,0.26,0.023859334017368998,0.13571065129550863,1.6653345369377348e-16,373,212,144
symmetry,0.264,0.025181705417359694,0.142617159862358,1.3877787807814457e-16,373,212,144
symmetry,0.268,0.02650314161469116,0.14962605296324671,2.220446049250313e-16,373,212,144
symmetry,0.272,0.027817117006161705,0.15672179728300328,1.6653345369377348e-16,373,212,144
symmetry,0.276,0.0291216328497955,0.1638879161082758,0.0,373,212,144
symmetry,0.28,0.030475026444517023,0.1711070341358174,2.7755575615628914e-17,373,212,144
symmetry,0.28400000000000003,0.03180354870841232,0.17836092844425488,3.3306690738754696e-16,373,212,144
symmetry,0.28800000000000003,0.03310016331401262,0.18563058550668776,0.0,373,212,144
symmetry,0.292,0.03435796376135064,0.19289626408655947,1.6653345369377348e-16,373,212,144
symmetry,0.296,0.0355702497685038,0.2001375638232794,1.942890293094024e-16,373,212,144
symmetry,0.3,0.03673060277893893,0.20733349927852585,1.6653345369377348e-16,373,212,144
symmetry,0.304,0.037832959499962855,0.21446257918122758,3.3306690738754696e-16,373,212,144
symmetry,0.308,0.038871682397058696,0.22150289057459194,1.6653345369377348e-16,373,212,144
symmetry,0.312,0.03984162609795866,0.2284321875381483,1.6653345369377348e-16,373,212,144
symmetry,0.316,0.04073819870767394,0.23522798412578938,5.551115123125783e-17,373,212,144
symmetry,0.32,0.0415574171009975,0.241867651132325,1.1102230246251565e-16,373,212,144
