t,P_stretched,P_short,P_surv,P_meson,P_BBbar,P_other,E2_l1,E2_l2,E2_l3,E2_l4,n_v1,n_v2,n_v3,n_v4,energy
0,1,1.255648911e-32,1,3.242292905e-29,1.337168832e-27,8.324040797e-28,8.641685718e-28,0.75,0.75,0.75,1,1,1.552533322e-27,2,3
0.1,0.9911422135,0.0001527635153,0.991294977,0.00123159355,0.006219427885,0.001254001584,0.001980783596,0.7480099519,0.7489463096,0.7480099519,1.002482494,0.9975175056,0.00374665297,1.996253347,3
0.2,0.9651403006,0.0005709588623,0.9657112595,0.004714101554,0.0245152325,0.005059406438,0.007790580342,0.7420663093,0.7457972773,0.7420663093,1.00972335,0.99027665,0.01494691324,1.985053087,3
0.3,0.9236353845,0.001146610357,0.9247819948,0.009870965174,0.05383242028,0.01151461972,0.01706190591,0.7322539355,0.7405890412,0.7322539355,1.021127759,0.9788722412,0.03348502361,1.966514976,3
0.4,0.8691340817,0.001736377014,0.8708704587,0.01591807685,0.09251801903,0.02069344543,0.02927150449,0.7187274241,0.7333791387,0.7187274241,1.0357837,0.9642162998,0.05917831694,1.940821683,3
0.5,0.8047147449,0.002202699314,0.8069174442,0.02205752902,0.1384694378,0.03255558903,0.04384024491,0.7017175477,0.7242353532,0.7017175477,1.052567085,0.9474329149,0.0917900187,1.908209981,3
0.6,0.7336986749,0.002449352575,0.7361480275,0.02764330654,0.1893230777,0.04688558822,0.06022273303,0.6815230992,0.7132131935,0.6815230992,1.070264673,0.929735327,0.1310432864,1.868956714,3
0.7,0.6593390607,0.002440298954,0.6617793596,0.03227679028,0.2426644452,0.06327940491,0.07796684757,0.6584865475,0.7003266417,0.6584865475,1.087697094,0.9123029064,0.1766346999,1.8233653,3
0.8,0.584567223,0.002198392312,0.5867656153,0.03582441438,0.2962365628,0.08117340749,0.09674087966,0.632961894,0.6855242979,0.632961894,1.103826018,0.8961739822,0.2282461931,1.771753807,3
0.9,0.5118177889,0.001789071739,0.5136068607,0.03837604128,0.3481214764,0.09989562164,0.116339503,0.6052887175,0.6686852125,0.6052887175,1.117833136,0.8821668636,0.2855545274,1.714445473,3
1,0.4429377991,0.001299289452,0.4442370886,0.0401708599,0.3968722044,0.1187198471,0.1366830043,0.5757841583,0.6496431562,0.5757841583,1.129163066,0.8708369336,0.348236602,1.651763398,3
1.1,0.3791727,0.0008209718785,0.3799936719,0.04151194916,0.4415802997,0.1369140792,0.1578175055,0.5447556559,0.628236963,0.5447556559,1.137527096,0.8624729035,0.4159677531,1.584032247,3
1.2,0.3212149436,0.0004423221015,0.3216572657,0.04268237133,0.4818753956,0.1537849674,0.1799132141,0.5125265504,0.6043731856,0.5125265504,1.142869733,0.8571302671,0.4884098047,1.511590195,3
1.3,0.2692972015,0.0002433827582,0.2695405843,0.04387293624,0.517863981,0.1687224984,0.20325015,0.4794598368,0.5780811064,0.4794598368,1.145305327,0.8546946732,0.5651869609,1.434813039,3
1.4,0.2233107444,0.0002891284032,0.2235998728,0.0451339636,0.5500219976,0.181244166,0.2281805918,0.4459657843,0.5495420224,0.4459657843,1.145037184,0.8549628159,0.6458507939,1.354149206,3
1.5,0.1829298402,0.0006160161944,0.1835458564,0.04636354426,0.5790590499,0.1910315495,0.2550645316,0.4124863776,0.5190837775,0.4124863776,1.142275376,0.8577246242,0.7298396704,1.27016033,3
1.6,0.1477250926,0.001214545533,0.1489396381,0.04733727186,0.6057728519,0.1979502381,0.2841852311,0.379460016,0.4871438908,0.379460016,1.137170548,0.8628294517,0.8164413586,1.183558641,3
1.7,0.1172524497,0.002016458365,0.1192689081,0.0477704903,0.6309128539,0.2020477477,0.3156618289,0.3472788723,0.4542153954,0.3472788723,1.129778287,0.8702217129,0.9047687004,1.0952313,3
1.8,0.09110982434,0.002896539225,0.09400636356,0.04739154317,0.655071502,0.2035305913,0.349380861,0.3162549779,0.4207946292,0.3162549779,1.120062,0.8799379999,0.9937563461,1.006243654,3
1.9,0.06895931672,0.003694231438,0.07265354816,0.04600157362,0.6786177898,0.2027270885,0.3849662721,0.2866080779,0.3873479673,0.2866080779,1.107933211,0.8920667887,1.082182055,0.917817945,3
2,0.05051921756,0.004251700688,0.05477091825,0.0435055122,0.7016787123,0.2000448573,0.4217980732,0.2584799324,0.354305906,0.2584799324,1.093319015,0.9066809853,1.168710426,0.831289574,3
2.1,0.03553538312,0.004456844173,0.0399922273,0.03991473695,0.7241615634,0.1959314723,0.4590758843,0.2319694795,0.3220815041,0.2319694795,1.076239905,0.9237600954,1.251952032,0.7480479682,3
2.2,0.02374501527,0.004276028356,0.02802104362,0.03533521059,0.7457992932,0.1908444526,0.4959099935,0.2071753339,0.2911006151,0.2071753339,1.056879197,0.9431208032,1.330528338,0.6694716617,3
2.3,0.01484615191,0.003763865589,0.01861001749,0.02995840235,0.7661985453,0.1852330349,0.531414687,0.1842297862,0.2618275539,0.1842297862,1.035628193,0.9643718066,1.403133102,0.596866898,3
2.4,0.008482790526,0.003045286299,0.01152807683,0.02406478357,0.7848774707,0.1795296689,0.5647799957,0.1633126997,0.2347731783,0.1633126997,1.013097919,0.986902081,1.468583627,0.5314163725,3
2.5,0.00424939933,0.002275581197,0.006524980527,0.01803606856,0.8012934691,0.1741454819,0.5953081917,0.1446424697,0.2104808641,0.1446424697,0.9900963486,1.009903651,1.525858985,0.4741410151,3
2.6,0.00171181462,0.001592895755,0.003304710374,0.01236053958,0.8148713718,0.1694633783,0.6224157199,0.1284504332,0.1894951304,0.1284504332,0.9675770432,1.032422957,1.574125494,0.4258745056,3
2.7,0.0004367691749,0.001080943071,0.001517712245,0.007612490033,0.8250440093,0.1658257884,0.6456132499,0.1149506128,0.1723233044,0.1149506128,0.9465692574,1.053430743,1.612751429,0.3872485709,3
2.8,2.118532567e-05,0.0007554000528,0.0007765853785,0.004394460756,0.8313097464,0.1635192075,0.6644812937,0.1043163355,0.1594005063,0.1043163355,0.9281003967,1.071899603,1.641312796,0.3586872039,3
2.9,0.000114734437,0.0005769301222,0.0006916645592,0.003246376458,0.8333012822,0.1627606767,0.6786555935,0.0966699998,0.1510635913,0.0966699998,0.9131199387,1.086880061,1.659590939,0.3404090609,3
3,0.0004332675532,0.000481983988,0.0009152515413,0.004541450212,0.8308533681,0.1636899301,0.6878285041,0.09208533671,0.1475339813,0.09208533671,0.9024310669,1.097568933,1.667561716,0.332438284,3
3.1,0.0007643756537,0.0004157327916,0.001180108445,0.00839679505,0.8240564511,0.1663666454,0.6917646771,0.09059653733,0.148906027,0.09059653733,0.8966337205,1.103366279,1.665376096,0.3346239044,3
3.2,0.0009681659673,0.0003533423005,0.001321508268,0.01462318823,0.8132860582,0.1707692453,0.6903248543,0.09220757338,0.1551380765,0.09220757338,0.8960813484,1.103918652,1.653333463,0.3466665366,3
3.3,0.000976320093,0.0003045121444,0.001280832237,0.02272624395,0.7992002039,0.1767927199,0.6834908635,0.09689743712,0.1660466856,0.09689743712,0.9008532965,1.099146704,1.63185112,0.3681488804,3
3.4,0.000791567076,0.0003054418523,0.001097008928,0.03195800025,0.7826984408,0.18424655,0.6713861333,0.1046206475,0.1813077376,0.1046206475,0.9107447567,1.089255243,1.601435237,0.3985647627,3
3.5,0.0004888628244,0.0004058700462,0.0008947328706,0.04141022975,0.7648392285,0.1928558089,0.6542871445,0.1153048523,0.2004692618,0.1153048523,0.9252757204,1.07472428,1.562658773,0.4373412266,3
3.6,0.0002191859346,0.0006553212737,0.0008745072083,0.05013900387,0.7467200626,0.2022664264,0.6326216665,0.1288476339,0.2229785849,0.1288476339,0.9437189735,1.056281027,1.516150007,0.4838499928,3
3.7,0.000216590326,0.001087082912,0.001303673238,0.0573083531,0.7293363023,0.2120516714,0.6069504245,0.1451133247,0.2482220344,0.1451133247,0.9651450779,1.034854922,1.462591981,0.5374080188,3
3.8,0.0008083723572,0.001697607399,0.002505979756,0.06233333078,0.7134443054,0.221716384,0.5779314362,0.1639293658,0.2755707748,0.1639293658,0.9884803025,1.011519697,1.402729423,0.5972705771,3
3.9,0.00242657936,0.002425528802,0.004852108162,0.06499062992,0.6994561095,0.2307011524,0.5462708925,0.185081867,0.3044235848,0.185081867,1.01257247,0.9874275304,1.33737725,0.6626227496,3
4,0.005616882041,0.003143329722,0.008760211762,0.0654582034,0.6873847635,0.2383968213,0.5126696246,0.2083116974,0.334237774,0.2083116974,1.036260088,0.963739912,1.26742452,0.7325754801,3
4.1,0.01103888822,0.003676679073,0.0147155673,0.06425622523,0.6768460468,0.2441821607,0.4777773213,0.2333145167,0.364542974,0.2333145167,1.05844154,0.9415584604,1.193829657,0.8061703427,3
4.2,0.01945134625,0.003855822118,0.02330716837,0.06209333933,0.6671110891,0.2474884032,0.4421655909,0.2597488836,0.3949378827,0.2597488836,1.078142394,0.9218576057,1.117606015,0.8823939848,3
4.3,0.03167717949,0.003583927522,0.03526110701,0.05966231345,0.6571997625,0.247876817,0.4063253358,0.2872547558,0.4250750315,0.2872547558,1.094578985,0.905421015,1.039799689,0.9602003106,3
4.4,0.04854700904,0.002891329644,0.05143833869,0.05745550529,0.646004903,0.245101253,0.370685546,0.3154805054,0.4546412005,0.3154805054,1.107214704,0.8927852958,0.9614629393,1.038537061,3
4.5,0.07082490484,0.001944778907,0.07276968374,0.05566473429,0.6324367809,0.2391288011,0.3356428871,0.344111767,0.483340339,0.344111767,1.115802749,0.8841972512,0.8836262194,1.116373781,3
4.6,0.09912491431,0.001000265521,0.1001251798,0.05419218187,0.6155720294,0.2301106089,0.301587769,0.372892558,0.5108826058,0.372892558,1.120406912,0.8795930876,0.8072704942,1.192729506,3
4.7,0.1338296935,0.0003167151022,0.1341464086,0.05274920908,0.5947837379,0.2183206444,0.2689147763,0.4016301855,0.5369796573,0.4016301855,1.121392315,0.8786076855,0.7333004068,1.266699593,3
4.8,0.1750223352,6.865698951e-05,0.1750909922,0.05098681618,0.5698265791,0.2040956125,0.2380126749,0.4301807495,0.5613447808,0.4301807495,1.119381629,0.8806183714,0.6625188807,1.337481119,3
4.9,0.2224396746,0.0002960111299,0.2227356857,0.0486021469,0.5408582965,0.1878038709,0.2092383853,0.4584195684,0.5836975461,0.4584195684,1.115178827,0.8848211727,0.5956048369,1.404395163,3
5,0.2754515621,0.0009087817836,0.2763603439,0.0453947207,0.5083956368,0.1698492986,0.1828860078,0.4862071416,0.6037748496,0.4862071416,1.109669699,0.8903303009,0.5330969979,1.466903002,3
5.1,0.3330676041,0.001736689737,0.3348042939,0.04128104676,0.4732212032,0.1506934562,0.159162977,0.5133631263,0.6213509246,0.5133631263,1.103713896,0.8962861037,0.4753870681,1.524612932,3
5.2,0.3939714231,0.00259500218,0.3965664252,0.03629371383,0.4362688499,0.1308710111,0.1381804821,0.5396571285,0.6362662857,0.5396571285,1.098045221,0.9019547793,0.4227243023,1.577275698,3
5.3,0.456581797,0.003336922344,0.4599187194,0.03058377526,0.3985152122,0.1109822932,0.1199574064,0.5648175953,0.6484602477,0.5648175953,1.093194889,0.9068051111,0.3752310121,1.624768988,3
5.4,0.5191384411,0.003876697132,0.5230151382,0.0244250929,0.3608967236,0.09166304523,0.1044308185,0.5885524911,0.6579965474,0.5885524911,1.089447755,0.9105522448,0.3329261028,1.667073897,3
5.5,0.5798065987,0.004185048982,0.5839916477,0.01820546333,0.3242612564,0.07354163257,0.09146502949,0.6105714819,0.6650702145,0.6105714819,1.086835707,0.9131642928,0.2957525501,1.70424745,3
5.6,0.6367896438,0.004269444642,0.6410590884,0.0123924679,0.2893555952,0.05719284846,0.08085578797,0.6306007549,0.6699879739,0.6306007549,1.085167195,0.9148328054,0.2636053343,1.736394666,3
5.7,0.6884348639,0.004152911978,0.6925877759,0.007476959102,0.2568442416,0.04309102343,0.07233335872,0.6483872178,0.6731229375,0.6483872178,1.084087688,0.9159123121,0.236358196,1.763641804,3
5.8,0.7333171768,0.003860185835,0.7371773626,0.003909497488,0.2273494099,0.03156373004,0.06557346195,0.6636953684,0.6748535372,0.6636953684,1.083162575,0.9168374249,0.2138893404,1.78611066,3
5.9,0.770290034,0.003414244109,0.7737042781,0.002044605024,0.2014962273,0.02275488963,0.0602248589,0.6763040773,0.6755025017,0.6763040773,1.081971168,0.9180288317,0.196106679,1.803893321,3
6,0.7985011258,0.002842299201,0.801343425,0.002096920018,0.179944108,0.01661554703,0.05595622822,0.6860099647,0.6752917321,0.6860099647,1.080198184,0.9198018159,0.1829719493,1.817028051,3
6.1,0.8173796787,0.002187258015,0.8195669367,0.004104376212,0.1633887655,0.01293992161,0.0525155453,0.6926395694,0.6743233718,0.6926395694,1.077708035,0.9222919649,0.1745207895,1.825479211,3
6.2,0.8266086432,0.001517516014,0.8281261592,0.007896527696,0.1525296389,0.01144767423,0.04978689429,0.6960667211,0.6725886395,0.6960667211,1.074588579,0.9254114211,0.1708739709,1.829126029,3
6.3,0.8260966061,0.0009261446698,0.8270227508,0.01307945434,0.1480099598,0.01188783506,0.04782661298,0.6962276452,0.6699974947,0.6962276452,1.071155226,0.9288447744,0.1722348138,1.827765186,3
6.4,0.8159606359,0.0005132619179,0.8164738978,0.01905947329,0.1503445788,0.01412205013,0.04686483537,0.6931264845,0.6664168862,0.6931264845,1.067913102,0.9320868979,0.1788698382,1.821130162,3
6.5,0.7965242244,0.0003539099539,0.7968781344,0.02512275688,0.1598504289,0.0181486798,0.04726877497,0.6868281261,0.6617047842,0.6868281261,1.065482832,0.9345171685,0.1910733826,1.808926617,3
6.6,0.7683267765,0.0004644888299,0.7687912653,0.03056484605,0.1765885545,0.02405533411,0.04947669964,0.6774413965,0.6557312365,0.6774413965,1.064502385,0.9354976145,0.2091209193,1.790879081,3
6.7,0.7321353816,0.0007864264122,0.7329218081,0.03483543929,0.2003212444,0.03192150825,0.05392138562,0.6651006658,0.6483845239,0.6651006658,1.065521626,0.9344783741,0.233218659,1.766781341,3
6.8,0.6889476176,0.001200570626,0.6901481882,0.03764847844,0.230487644,0.04171568937,0.06096458001,0.6499550202,0.6395673047,0.6499550202,1.068906722,0.9310932782,0.2634578115,1.736542189,3
6.9,0.6399762019,0.001570763522,0.6415469654,0.03901697753,0.2662052063,0.05323085079,0.07085818185,0.6321706097,0.6291915699,0.6321706097,1.074768867,0.9252311335,0.2997804863,1.700219514,3
7,0.5866113461,0.001798498496,0.5884098446,0.03920226771,0.3063066362,0.06608125151,0.08373593005,0.6119451295,0.6171806548,0.6119451295,1.082926777,0.9170732227,0.3419613454,1.658038655,3
7.1,0.5303625767,0.001862941333,0.532225518,0.03860170416,0.3494172494,0.07975552844,0.09962694413,0.5895268935,0.6034819009,0.5895268935,1.09290674,0.9070932596,0.3896058298,1.61039417,3
7.2,0.4727863727,0.00182727819,0.4746136509,0.03761935898,0.3940660895,0.09370090064,0.1184755439,0.5652279383,0.5880872747,0.5652279383,1.103978654,0.8960213456,0.4421630241,1.557836976,3
7.3,0.4154078814,0.001809666809,0.4172175482,0.03656249256,0.4388118243,0.1074081349,0.140153592,0.539422678,0.5710545347,0.539422678,1.115222259,0.8847777406,0.498949501,1.501050499,3
7.4,0.3596443466,0.001934680547,0.3615790271,0.03558758212,0.4823587517,0.120474639,0.1644606037,0.5125298487,0.552520678,0.5125298487,1.125614691,0.8743853087,0.5591798471,1.440820153,3
7.5,0.3067360809,0.002288936416,0.3090250173,0.03469639576,0.523642284,0.132636303,0.191117516,0.4849827511,0.5327025349,0.4849827511,1.134128602,0.8658713976,0.6219996977,1.378000302,3
7.6,0.2576894215,0.002899064149,0.2605884857,0.03376714821,0.5618739295,0.1437704366,0.2197660495,0.4571976328,0.5118845966,0.4571976328,1.139829315,0.8601706847,0.6865177003,1.3134823,3
7.7,0.2132358363,0.003735972863,0.2169718092,0.03260285251,0.5965467161,0.1538786222,0.2499837517,0.4295503156,0.4903987217,0.4295503156,1.14195993,0.8580400703,0.7518336717,1.248166328,3
7.8,0.17381156,0.00473564859,0.1785472086,0.030985025,0.6274085804,0.163059186,0.2813165365,0.40236713,0.4686022308,0.40236713,1.14000514,0.8599948601,0.8170612779,1.182938722,3
7.9,0.1395614767,0.005821068671,0.1453825454,0.02872813019,0.6544132151,0.1714761093,0.3133207931,0.3759300412,0.4468596552,0.3759300412,1.133727715,0.8662722851,0.8813448142,1.118655186,3
8,0.1103684452,0.006914033029,0.1172824782,0.02573222093,0.6776579076,0.1793273933,0.3456011926,0.3504903734,0.4255301459,0.3504903734,1.123175755,0.8768242446,0.9438709508,1.056129049,3
8.1,0.08590516309,0.007935558036,0.09384072112,0.02202715755,0.6973182548,0.1868138665,0.37783079,0.3262828553,0.4049591034,0.3262828553,1.108663198,0.8913368024,1.003877296,0.9961227038,3
8.2,0.06570137275,0.008802071767,0.07450344452,0.01779620051,0.7135899459,0.1941104091,0.409746052,0.3035325204,0.3854705767,0.3035325204,1.090729606,0.9092703941,1.060659972,0.9393400281,3
8.3,0.04921633981,0.009426874366,0.05864321418,0.01336645924,0.7266461442,0.2013441824,0.4411179601,0.2824506247,0.3673572959,0.2824506247,1.070087254,0.929912746,1.113581871,0.8864181292,3
8.4,0.03590596493,0.009731620941,0.04563758588,0.009162473458,0.7366145139,0.2085854267,0.471708109,0.2632206756,0.3508676583,0.2632206756,1.047563489,0.9524365111,1.162082032,0.8379179681,3
8.5,0.02527547925,0.009664706867,0.03494018612,0.005634363611,0.7435723981,0.2158530522,0.5012235656,0.2459800583,0.3361924685,0.2459800583,1.024044699,0.9759553014,1.205685075,0.7943149247,3
8.6,0.01691169822,0.009217736403,0.02612943463,0.003184877999,0.7475553087,0.2231303786,0.5292851765,0.2308049597,0.3234569197,0.2308049597,1.000425719,0.9995742813,1.244008568,0.7559914316,3
8.7,0.01049258544,0.008431289155,0.0189238746,0.002120980316,0.7485745926,0.2303805525,0.5554207304,0.2177054247,0.3127234908,0.2177054247,0.9775662503,1.02243375,1.276766058,0.7232339421,3
8.8,0.005775961557,0.007386706801,0.01316266836,0.002642190229,0.7466434819,0.2375516595,0.5790873805,0.2066337014,0.3040083664,0.2066337014,0.956254612,1.043745388,1.303764483,0.6962355167,3
8.9,0.002573069269,0.006187946456,0.008761015725,0.004856285535,0.7418129968,0.244569702,0.5997187212,0.1975040873,0.29730861,0.1975040873,0.9371790817,1.062820918,1.324896458,0.6751035417,3
9,0.0007154768352,0.004942077382,0.005657554217,0.008796607948,0.7342173227,0.2513285151,0.6167839705,0.1902184747,0.2926320418,0.1902184747,0.9209076938,1.079092306,1.34012974,0.6598702602,3
9.1,2.442424735e-05,0.003746116,0.003770540247,0.01441583432,0.7241226461,0.2576909793,0.6298431831,0.1846904843,0.2900193346,0.1846904843,0.9078777248,1.092122275,1.34949726,0.6505027401,3
9.2,0.0002897474724,0.002682597849,0.002972345322,0.0215500655,0.7119675171,0.263510072,0.6385850332,0.1808627286,0.2895497185,0.1808627286,0.8983954348,1.101604565,1.353090759,0.6469092415,3
9.3,0.001261749075,0.001820439752,0.003082188828,0.02987309218,0.6983807369,0.2686639821,0.6428411438,0.1787149917,0.2913271298,0.1787149917,0.8926447722,1.107355228,1.351059327,0.6489406731,3
9.4,0.002655632849,0.001215273365,0.003870906214,0.03887631774,0.6841663043,0.2730864717,0.6425793539,0.1782638642,0.2954501064,0.1782638642,0.8907013782,1.109298622,1.343611717,0.6563882833,3
9.5,0.004166127329,0.0009058348467,0.005071962176,0.0479034406,0.6702526004,0.2767719968,0.6378836505,0.1795553438,0.3019734359,0.1795553438,0.8925466,1.1074534,1.33101924,0.6689807596,3
9.6,0.005490147235,0.0009078255395,0.006397972775,0.05624334279,0.6576114579,0.2797472265,0.6289291248,0.1826514917,0.3108710891,0.1826514917,0.8980765131,1.101923487,1.31361556,0.6863844404,3
9.7,0.00635663318,0.001209777019,0.007566410199,0.06325525653,0.6471592157,0.2820191175,0.6159577476,0.1876120027,0.3220087875,0.1876120027,0.9071034933,1.092896507,1.291791042,0.7082089577,3
9.8,0.006563208285,0.001774281448,0.008337489733,0.06848474713,0.6396550603,0.2835227028,0.5992580642,0.1944727752,0.3351320968,0.1944727752,0.9193518492,1.080648151,1.265982084,0.7340179163,3
9.9,0.00601787899,0.002543629698,0.008561508688,0.07173482603,0.6356119674,0.2840916979,0.5791509747,0.2032258928,0.3498732386,0.2032258928,0.9344526749,1.065547325,1.236658429,0.7633415708,3
10,0.004781159782,0.003445394346,0.008226554127,0.07307686436,0.6352329324,0.2834636491,0.5559838827,0.2138068941,0.3657768539,0.2138068941,0.9519446294,1.048055371,1.204312597,0.7956874032,3
10.1,0.003101351789,0.004394213171,0.00749556496,0.0728066526,0.6383806969,0.2813170855,0.5301343976,0.226093827,0.3823412696,0.226093827,0.9712858696,1.02871413,1.169454177,0.8305458227,3
10.2,0.001434748611,0.005290801346,0.006725549957,0.0713616201,0.6445839576,0.2773288724,0.502021224,0.2399181908,0.3990677238,0.2399181908,0.991878406,1.008121594,1.132608587,0.8673914132,3
10.3,0.0004436017048,0.006024207557,0.006467809262,0.06921622585,0.6530783555,0.2712376094,0.4721153562,0.2550826576,0.4155070718,0.2550826576,1.013101468,0.9868985322,1.094316348,0.9056836519,3
10.4,0.0009669947061,0.00648403308,0.007451027786,0.06677179473,0.6628770398,0.2629001377,0.4409426571,0.2713777356,0.4312937224,0.2713777356,1.034347191,0.9656528091,1.05512713,0.9448728696,3
10.5,0.003962556589,0.00658425019,0.01054680678,0.0642608143,0.6728628959,0.252329483,0.4090718557,0.2885912617,0.4461606829,0.2885912617,1.055051487,0.9449485128,1.015583791,0.984416209,3
10.6,0.01042028133,0.006292213349,0.01671249468,0.06169150575,0.6818917566,0.239704243,0.3770890445,0.3065098953,0.4599361174,0.3065098953,1.07471534,0.9252846602,0.97619538,1.02380462,3
10.7,0.02125442104,0.00565063415,0.02690505519,0.05885701141,0.6888931551,0.2253447783,0.3455666471,0.32491725,0.4725275597,0.32491725,1.092915694,0.907084306,0.9374029784,1.062597022,3
10.8,0.03718574034,0.004780601758,0.0419663421,0.05541747653,0.6929541809,0.2096620005,0.3150369057,0.3435953606,0.4839020423,0.3435953606,1.109308683,0.8906913172,0.8995462321,1.100453768,3
10.9,0.05863285367,0.003860319607,0.06249317328,0.0510356728,0.6933750949,0.193096059,0.285975655,0.3623335097,0.4940683142,0.3623335097,1.123629629,0.8763703712,0.8628398636,1.137160136,3
11,0.08563471865,0.003083723075,0.08871844173,0.04552132698,0.6896931393,0.176067092,0.2587945126,0.3809428918,0.5030630599,0.3809428918,1.13569364,0.8643063598,0.8273677424,1.172632258,3
11.1,0.1178234481,0.002611045373,0.1204344935,0.03893171915,0.6816806043,0.1589531831,0.2338341266,0.3992709133,0.5109397655,0.3992709133,1.145398324,0.8546016756,0.7930980117,1.206901988,3
11.2,0.1544565512,0.002526621198,0.1569831724,0.03159286951,0.6693295491,0.142094409,0.2113518703,0.4172081903,0.5177586327,0.4172081903,1.152727466,0.8472725335,0.7599177692,1.240082231,3
11.3,0.1945031501,0.002817098982,0.1973202491,0.02403869559,0.6528346031,0.1258064522,0.1915039635,0.4346848779,0.523578245,0.4346848779,1.157752688,0.8422473115,0.7276814135,1.272318587,3
11.4,0.2367648752,0.003376956156,0.2401418314,0.01689723132,0.6325775671,0.1103833702,0.1743298199,0.4516584237,0.5284521116,0.4516584237,1.160629744,0.8393702563,0.6962640014,1.303735999,3
11.5,0.2800043025,0.004039763661,0.2840440661,0.01076753619,0.6091085722,0.09607982546,0.1597498231,0.4680986937,0.5324332595,0.4680986937,1.161587142,0.8384128581,0.6656101704,1.33438983,3
11.6,0.3230546148,0.004625350637,0.3276799654,0.006123883782,0.5831150936,0.08308105722,0.1475839685,0.4839764261,0.5355870167,0.4839764261,1.160906666,0.8390933342,0.6357701808,1.364229819,3
11.7,0.364892575,0.004987541397,0.3698801164,0.00326341179,0.5553751019,0.07148136992,0.1375897315,0.4992574464,0.5380075893,0.4992574464,1.158897357,0.8411026426,0.6069170553,1.393082945,3
11.8,0.4046689667,0.005046983259,0.40971595,0.002293359491,0.5267006956,0.06128999498,0.1295083201,0.5139004562,0.5398306778,0.5139004562,1.155866226,0.8441337739,0.5793421688,1.420657831,3
11.9,0.4417018371,0.00479966262,0.4465014998,0.003144186201,0.4978863484,0.05246796563,0.1231042787,0.5278534197,0.5412343227,0.5278534197,1.152090024,0.8479099758,0.553430516,1.446569484,3
12,0.4754449738,0.004301892983,0.4797468668,0.005596331119,0.4696757189,0.04498108317,0.1181864381,0.5410443017,0.5424237325,0.5410443017,1.147792843,0.8522071568,0.529620635,1.470379365,3
